Location,Category,"Type of interaction: buy, view, learn, engage, all",Aboriginal Group,Exclusively aboriginal content,Aboriginal Owned and Governed,State,Location,Source,Associated with,Site address
Armidale Cultural Centre and Keeping Place,Cultural Centre,all,"Anaiwan, Kamilaroi, Dunghutti, Ngarabal, Banbai and Gumbaynggirr",Yes,Yes,NSW,"96-104 Kentucky Street, Armidale, NSW 2350",Armidale Cultural Centre and Keeping Place,"Aboriginal Culture, Heritage and Arts Association of NSW (ACHAA)",https://www.acckp.com.au/
Boomalli Aboriginal Artists Cooperative,,"view, learn, buy",NSW Aboriginal groups,Yes,Yes,NSW,"55-59 Flood St, Leichhardt NSW 2040",,"Aboriginal Culture, Heritage and Arts Association of NSW (ACHAA)",https://www.acckp.com.au/
Brewarrina Aboriginal Cultural Museum,Museum,all,,Yes,Yes,NSW,18 Bathurst Street Brewarrina NSW 2839,,"Aboriginal Culture, Heritage and Arts Association of NSW (ACHAA)",Fb page only
Callara Cultural & Heritage Aboriginal Corporation,,"view, learn, engage",NSW Aboriginal groups,Yes,Yes,NSW,"Lachlan & Western Regional Services Community Hub, 18 William Street, Condobolin NSW 2877",,"Aboriginal Culture, Heritage and Arts Association of NSW (ACHAA)",https://callaraculture.com.au/
Coomaditchie United Aboriginal Corporation,,"view, learn, engage",East Coast Saltwater People,Yes,Yes,NSW,"Cnr Shellharbour Road & Parkes Street, Port Kembla NSW 2505",,"Aboriginal Culture, Heritage and Arts Association of NSW (ACHAA)",https://coomaditchie.org.au/pages/about-us
Dharriwaa Elders Group,,"view, learn","Yuwaalaraay, Ngayiimbaa, Gamilaraay",Yes,Yes,NSW,"47 Fox St, Walgett NSW 2832",,"Aboriginal Culture, Heritage and Arts Association of NSW (ACHAA)",https://www.dharriwaaeldersgroup.org.au
Dunghutti-Ngaku Aboriginal Art Gallery,,"view, learn, buy","Dunghutti region, & Mid North Coast NSW",Yes,Yes,NSW,"Val Melville Centre (next to the Kempsey Museum), South Kempsey NSW 2440",,"Aboriginal Culture, Heritage and Arts Association of NSW (ACHAA)",https://www.dnaag.com.au/
Goondee Keeping Place,,"view, learn","Yuwaalaraay, Euhalayi, Murrawarri, and surrounding groups",Yes,Yes,NSW,83-85 Pandora Street Lightning Ridge New South Wales 2834,,"Aboriginal Culture, Heritage and Arts Association of NSW (ACHAA)",https://goondeeaboriginalkeepingplace.com/
Maliyan Cultural Centre,,"view, learn, buy",Wiradjuri,Yes,Yes,NSW,"13A Nanima Crescent , Wellington, NSW, Australia, 2820",,"Aboriginal Culture, Heritage and Arts Association of NSW (ACHAA)",fb and insta
"Maliyangaa Ngurra Languages, Arts, & Cultural Centre",,"view, learn, engage","Wayilwan/Weilwan, Wiradjuri, Ngemba, Ngiyampaa, Gamilaraay and Yuwaalaraay people",Yes,Yes,NSW,"11 Tucka Tucka St, Quambone NSW 2831",,"Aboriginal Culture, Heritage and Arts Association of NSW (ACHAA)",ACCHA
Minjungbal Museum and Cultural Centre,,"view, learn, engage",Minjungbal,Yes,Yes,NSW,"Corner of Kirkwood Road and Duffy Street, South Tweed Heads",,"Aboriginal Culture, Heritage and Arts Association of NSW (ACHAA)",https://minjungbalmuseum.com.au/
Miromaa Aboriginal Language and Technology Centre,,"learn, engage",Various,Yes,Yes,NSW,"20 Kemp Street, Boolaroo New South Wales 2287",,"Aboriginal Culture, Heritage and Arts Association of NSW (ACHAA)",https://miromaa.org.au/
