Title,Type,Author,Aboriginal group,Aboriginal Group location,State,Medium,Date made,Collection,Location (Where the item is housed/ where to see)
Carved Emu egg and stand,Artefact,Unknown,Unknown (Western Australia),Western Australia,WA,Emu egg,c.1880,"The State Art Collection, The Art Gallery of Western Australia",Art Gallery of Western Australia (AGWA)
Kulyakartu,Artwork,Muuki Taylor,Martu,The Great Sandy Desert,WA,acrylic on paper,unknown,"The State Art Collection, The Art Gallery of Western Australia",Art Gallery of Western Australia (AGWA)
Turkey Dance,Artwork,Thompson Narangorgli (also known as Thompson Yulidijirri),Djalama,Western Arnhem Land,NT,bark,1947,"The State Art Collection, The Art Gallery of Western Australia",Art Gallery of Western Australia (AGWA)
Catfish and killer snake - Manarrngu mortuary rites,Artwork,David Malangi,Manharrngu,Central Arnhem Land,NT,orchres on eucalyptus bark,,"The State Art Collection, The Art Gallery of Western Australia",Art Gallery of Western Australia (AGWA)
Boongaree,Artwork,Julie Dowling,Badimaya,Badimaya,WA,"synthetic polymer paint, red ochre, metallic paint and glitter on canvas",2001,"The State Art Collection, The Art Gallery of Western Australia",Art Gallery of Western Australia (AGWA)
The Travelling Cloud - Possum Tree Story,Artwork,Narritjin Maymuru,Manggalili,Arnhem region,NT,ochres on eucalyptus bark,1970,"The State Art Collection, The Art Gallery of Western Australia",Art Gallery of Western Australia (AGWA)
Wadmulla and Pintja Pintja (Spirits and butterfly),Artwork,Butcher Joe Nangan,Walmatjarri & Nyikina,West Kimberley,WA,pencil underdrawing with watercolour,1982 - 1983,"The State Art Collection, The Art Gallery of Western Australia",Art Gallery of Western Australia (AGWA)
Deadly rock python,Artwork,Rover Thomas,Wangkujunga & Kukatja,The Great Sandy Desert & the Kimberleys,WA,ochres and gum on plywood,c 1985,"The State Art Collection, The Art Gallery of Western Australia",Art Gallery of Western Australia (AGWA)
Elder sister (Wawilag),Artwork,"Dundiwuy Wanambi, Mathaman Marika, and Mawalan Marika",Marrakulu & Rirratjingu,"Yirrkala, Arnhem Land",NT,carved wood,1967,"The State Art Collection, The Art Gallery of Western Australia",Art Gallery of Western Australia (AGWA)
The bushfire story and yellow ochre,Artwork,Munggurrawuy Yunupingu,Yol?u,"Gumatj Country, North-East Arnhem Land",NT,orchres on eucalyptus bark,1974,"The State Art Collection, The Art Gallery of Western Australia",Art Gallery of Western Australia (AGWA)
Drying wildflowers in summertime,Artwork,Emily Kame Kngwarreye,Anmatyerr,"Anmatyerr Country, Central Desert Region",NT,synthetic polymer paint on canvas,1991,"The State Art Collection, The Art Gallery of Western Australia",Art Gallery of Western Australia (AGWA)
Aborigines and fisheries,Artwork,Sandra Hill,Minang/Wardandi/Bibbulmun/Ballardong Noongar,South West Western Australia,WA,"solvent transfer print, watercolour, mixed media",1996,"The State Art Collection, The Art Gallery of Western Australia",Art Gallery of Western Australia (AGWA)
Two Gecko Lizards,Artwork,Abadjera,Anindilyakwa,Arnhem Land & Groote Eylandt region,NT,bark,1967,"The State Art Collection, The Art Gallery of Western Australia",Art Gallery of Western Australia (AGWA)
Jila Japingka,Artwork,Jimmy Pike,Walmajarri,The Great Sandy Desert,WA,colour screenprint on paper,1991,"The State Art Collection, The Art Gallery of Western Australia",Art Gallery of Western Australia (AGWA)
The water bird - Djalambu ceremony,Artwork,Binyinyuwuy Djarrankuykuy,Djambarrpuyungu,Arnhem region,NT,ochres on wood,purchased 1988,"The State Art Collection, The Art Gallery of Western Australia",Art Gallery of Western Australia (AGWA)
Life giving river- Liyagalawumirri mortuary rites,Artwork,Dawidi Djulwarak,Liyagalawumirr,Milingimbi,NT,ochres on eucalyptus bark,c. 1962,"The State Art Collection, The Art Gallery of Western Australia",Art Gallery of Western Australia (AGWA)
"Interview with Neil Albert Phillips, Aboriginal community worker",Oral History,"Neil Albert Phillips, interviewed by Gail O'Hanlon",Various,,WA,audiocassettes,1997,A project of the J.S. Battye Library of West Australian History and the Shire of Perenjori.,State Library of Western Australia
"Field notebooks, field journals and transcripts of interviews with Aboriginal people in the Kununurra Region, 1970-1974.",Archive,Bruce Shaw,Kunnurra,"Kunnurra region, the Kimberleys",WA,"Notebooks, journals, and interview transcripts",1970- 1974,,State Library of Western Australia
"Derby Leprosarium and Mowanjum Aboriginal Mission, Western Australia.",Photograph,Margret Ross,Various,WA & NT,WA & NT,photographs,1940 - 1950,,State Library of Western Australia
"Aboriginal men dancing, Kalumburu, September 1969",Artwork,"Stevenson, Kinder and Scott Corporate Photography",Wunambal and Guini,"Kalumburu, the Kimberleys",WA,photographs,1969,"Stevenson, Kinder & Scott photograph collection",State Library of Western Australia
Recording of Ethel Creek Aboriginal people and played to McKay Range Aboriginal people 1963,Oral History,"Ethel Creek Elders, recorded by Snell",Nyiyaparli,"Nyiyaparli Country, East Pilbara",WA,"audiotape, audio cassette, analog, stereo",1963,,State Library of Western Australia
Noongar warda,Newspaper,,Noongar,Bunbury & WA,WA,Newspaper,began 1997,,State Library of Western Australia
Saltwater Country art collection / Dale Kentwell,Artwork,Dale Kentwell,Bardi,Dampier Peninsula,WA,"sand, acrylic, and mixed media on canvas",2010,Saltwater Country art collection,State Library of Western Australia
"My Boodja, My Turtle Dreaming",Artwork,Joanne Parfitt,Whadjuk Noongar,Perth,WA,acrylic on cavas,2024,,State Library of Western Australia
Stations of the cross: an Aboriginal perspective,Artwork,Matthew Gill Tjupurrula,Kukatja,East Kimberley region,WA,"prints, colour illustrations, folded sheet (newspaper clipping)",1987,,State Library of Western Australia
The Canoe from Pipe Clay Lake,Artifact,,Gumbaynggirr,Pipe Clay Lake,NSW,,,Jalumbo Culture & Heritage collection,Yarrawarra Aboriginal Cultural Centre
Selsmark Collection,Artifact,"Woddorda, Ngarinyin & Wunambal men and women","Woddorda (Worrorra), Ngarinyin, Wunambal",Mowanjum,WA,"dance totems, costumes, musical instruments",1970s,Selsmark Collection,Mowanjum Aboriginal Art and Culture Centre
