Title,Type,Author,Aboriginal group,Aboriginal Group location,State,Medium,Date made,Collection,Item Housed,Aboriginal Group location and State
Carved Emu egg and stand,Artefact,Unknown,Unknown (Western Australia),Western Australia,WA,Emu egg,c.1880,"The State Art Collection, The Art Gallery of Western Australia",Art Gallery of Western Australia (AGWA),"Western Australia, WA"
Kulyakartu,Artwork,Muuki Taylor,Martu,The Great Sandy Desert,WA,acrylic on paper,unknown,"The State Art Collection, The Art Gallery of Western Australia",Art Gallery of Western Australia (AGWA),"The Great Sandy Desert, WA"
Turkey Dance,Artwork,Thompson Narangorgli (also known as Thompson Yulidijirri),Djalama,Western Arnhem Land,NT,bark,1947,"The State Art Collection, The Art Gallery of Western Australia",Art Gallery of Western Australia (AGWA),"Western Arnhem Land, NT"
Catfish and killer snake - Manarrngu mortuary rites,Artwork,David Malangi,Manharrngu,Central Arnhem Land,NT,orchres on eucalyptus bark,,"The State Art Collection, The Art Gallery of Western Australia",Art Gallery of Western Australia (AGWA),"Central Arnhem Land, NT"
Boongaree,Artwork,Julie Dowling,Badimaya,Badimaya,WA,"synthetic polymer paint, red ochre, metallic paint and glitter on canvas",2001,"The State Art Collection, The Art Gallery of Western Australia",Art Gallery of Western Australia (AGWA),"Badimaya, WA"
The Travelling Cloud - Possum Tree Story,Artwork,Narritjin Maymuru,Manggalili,Arnhem region,NT,ochres on eucalyptus bark,1970,"The State Art Collection, The Art Gallery of Western Australia",Art Gallery of Western Australia (AGWA),"Arnhem region, NT"
Wadmulla and Pintja Pintja (Spirits and butterfly),Artwork,Butcher Joe Nangan,Walmatjarri & Nyikina,West Kimberley,WA,pencil underdrawing with watercolour,1982 - 1983,"The State Art Collection, The Art Gallery of Western Australia",Art Gallery of Western Australia (AGWA),"West Kimberley, WA"
Deadly rock python,Artwork,Rover Thomas,Wangkujunga & Kukatja,The Great Sandy Desert & the Kimberleys,WA,ochres and gum on plywood,c 1985,"The State Art Collection, The Art Gallery of Western Australia",Art Gallery of Western Australia (AGWA),"The Great Sandy Desert & the Kimberleys, WA"
Elder sister (Wawilag),Artwork,"Dundiwuy Wanambi, Mathaman Marika, and Mawalan Marika",Marrakulu & Rirratjingu,"Yirrkala, Arnhem Land",NT,carved wood,1967,"The State Art Collection, The Art Gallery of Western Australia",Art Gallery of Western Australia (AGWA),"Yirrkala, Arnhem Land, NT"
The bushfire story and yellow ochre,Artwork,Munggurrawuy Yunupingu,Yol?u,"Gumatj Country, North-East Arnhem Land",NT,orchres on eucalyptus bark,1974,"The State Art Collection, The Art Gallery of Western Australia",Art Gallery of Western Australia (AGWA),"Gumatj Country, North-East Arnhem Land, NT"
Drying wildflowers in summertime,Artwork,Emily Kame Kngwarreye,Anmatyerr,"Anmatyerr Country, Central Desert Region",NT,synthetic polymer paint on canvas,1991,"The State Art Collection, The Art Gallery of Western Australia",Art Gallery of Western Australia (AGWA),"Anmatyerr Country, Central Desert Region, NT"
Aborigines and fisheries,Artwork,Sandra Hill,Minang/Wardandi/Bibbulmun/Ballardong Noongar,South West Western Australia,WA,"solvent transfer print, watercolour, mixed media",1996,"The State Art Collection, The Art Gallery of Western Australia",Art Gallery of Western Australia (AGWA),"South West Western Australia, WA"
Two Gecko Lizards,Artwork,Abadjera,Anindilyakwa,Arnhem Land & Groote Eylandt region,NT,bark,1967,"The State Art Collection, The Art Gallery of Western Australia",Art Gallery of Western Australia (AGWA),"Arnhem Land & Groote Eylandt region, NT"
Jila Japingka,Artwork,Jimmy Pike,Walmajarri,The Great Sandy Desert,WA,colour screenprint on paper,1991,"The State Art Collection, The Art Gallery of Western Australia",Art Gallery of Western Australia (AGWA),"The Great Sandy Desert, WA"
The water bird - Djalambu ceremony,Artwork,Binyinyuwuy Djarrankuykuy,Djambarrpuyungu,Arnhem region,NT,ochres on wood,purchased 1988,"The State Art Collection, The Art Gallery of Western Australia",Art Gallery of Western Australia (AGWA),"Arnhem region, NT"
Life giving river- Liyagalawumirri mortuary rites,Artwork,Dawidi Djulwarak,Liyagalawumirr,Milingimbi,NT,ochres on eucalyptus bark,c. 1962,"The State Art Collection, The Art Gallery of Western Australia",Art Gallery of Western Australia (AGWA),"Milingimbi, NT"
"Interview with Neil Albert Phillips, Aboriginal community worker",Oral History,"Neil Albert Phillips, interviewed by Gail O'Hanlon",Various,,WA,audiocassettes,1997,A project of the J.S. Battye Library of West Australian History and the Shire of Perenjori.,State Library of Western Australia,WA
"Field notebooks, field journals and transcripts of interviews with Aboriginal people in the Kununurra Region, 1970-1974.",Archive,Bruce Shaw,Kunnurra,"Kunnurra region, the Kimberleys",WA,"Notebooks, journals, and interview transcripts",1970- 1974,,State Library of Western Australia,"Kunnurra region, the Kimberleys, WA"
"Derby Leprosarium and Mowanjum Aboriginal Mission, Western Australia.",Photograph,Margret Ross,Various,WA & NT,WA & NT,photographs,1940 - 1950,,State Library of Western Australia,"WA & NT, WA & NT"
"Aboriginal men dancing, Kalumburu, September 1969",Artwork,"Stevenson, Kinder and Scott Corporate Photography",Wunambal and Guini,"Kalumburu, the Kimberleys",WA,photographs,1969,"Stevenson, Kinder & Scott photograph collection",State Library of Western Australia,"Kalumburu, the Kimberleys, WA"
Recording of Ethel Creek Aboriginal people and played to McKay Range Aboriginal people 1963,Oral History,"Ethel Creek Elders, recorded by Snell",Nyiyaparli,"Nyiyaparli Country, East Pilbara",WA,"audiotape, audio cassette, analog, stereo",1963,,State Library of Western Australia,"Nyiyaparli Country, East Pilbara, WA"
Noongar warda,Newspaper,,Noongar,Bunbury & WA,WA,Newspaper,began 1997,,State Library of Western Australia,"Bunbury & WA, WA"
Saltwater Country art collection / Dale Kentwell,Artwork,Dale Kentwell,Bardi,Dampier Peninsula,WA,"sand, acrylic, and mixed media on canvas",2010,Saltwater Country art collection,State Library of Western Australia,"Dampier Peninsula, WA"
"My Boodja, My Turtle Dreaming",Artwork,Joanne Parfitt,Whadjuk Noongar,Perth,WA,acrylic on cavas,2024,,State Library of Western Australia,"Perth, WA"
Stations of the cross: an Aboriginal perspective,Artwork,Matthew Gill Tjupurrula,Kukatja,East Kimberley region,WA,"prints, colour illustrations, folded sheet (newspaper clipping)",1987,,State Library of Western Australia,"East Kimberley region, WA"
The Canoe from Pipe Clay Lake,Artifact,,Gumbaynggirr,Pipe Clay Lake,NSW,,,Jalumbo Culture & Heritage collection,Yarrawarra Aboriginal Cultural Centre,"Pipe Clay Lake, NSW"
Selsmark Collection,Artifact,"Woddorda, Ngarinyin & Wunambal men and women","Woddorda (Worrorra), Ngarinyin, Wunambal",Mowanjum,WA,"dance totems, costumes, musical instruments",1970s,Selsmark Collection,Mowanjum Aboriginal Art and Culture Centre,"Mowanjum, WA"
