Place,Year Founded,Aboriginal Group,Category,"Type of interaction: buy, view, learn, engage, all",Exclusively aboriginal content,Aboriginal Owned and Governed,State,Location,Site address,Source,Associated with
Museum of Contempory Art,1991,Various,Museum,"view, learn",No,No,ACT,"140 George St, The Rocks NSW 2000",https://www.mca.com.au/,,
National Gallery of Australia,1982,Various,Gallery,"view, learn",No,No,ACT,"Parkes Pl E, Parkes ACT 2600",https://nga.gov.au/,,
State Library of Western Australia,1956,Various,Library,"learn, view",No,No,WA,"25 Francis Street, Perth Cultural Centre, Perth WA 6000",https://slwa.wa.gov.au/,State Library of Western Australia,
Art Gallery of Western Australia (AGWA),1957,Various,Gallery,view,No,No,WA,"Perth Cultural Centre, Perth WA 6000",https://artgallery.wa.gov.au/,"Art Gallery of Western Australia; ""The Berndts’ Mid-Century Arnhem Land Bark Painting Exhibition: Its Legacies""",
Boorloo Aboriginal Cultural Centre,2028,Various,Cultural Centre,"view, learn, engage",Yes,No,WA,Coming 2028,https://www.cits.wa.gov.au/aboriginal-culture/aboriginal-cultural-centre,,
Walyalup Aboriginal Cultural Centre,2014,Whadjuk Nyoongar,Cultural Centre,"view, learn, engage",Yes,No,WA,"Walyalup Aboriginal Cultural Centre, 12 Captains Lane, Fremantle WA 6160",https://www.fremantle.wa.gov.au/services-and-support/community-support/aboriginal-engagement/walyalup-aboriginal-cultural-centre/,Walyalup Aboriginal Cultural Centre,
Armidale Cultural Centre and Keeping Place,1988,"Anaiwan, Kamilaroi, Dunghutti, Ngarabal, Banbai, and Gumbaynggirr",Cultural Centre,all,Yes,Yes,NSW,"96-104 Kentucky Street, Armidale, NSW 2350",https://www.acckp.com.au/,Armidale Cultural Centre and Keeping Place,"Aboriginal Culture, Heritage and Arts Association of NSW (ACHAA)"
Boomalli Aboriginal Artists Cooperative,1987,NSW Aboriginal groups,Gallery,"view, learn, buy",Yes,Yes,NSW,"55-59 Flood St, Leichhardt NSW 2040",https://boomalli.com.au/,,"Aboriginal Culture, Heritage and Arts Association of NSW (ACHAA)"
Brewarrina Aboriginal Cultural Museum,1988,"Ngiyampaa Ngemba, Baranbinja, Morowari, Kula, Laualko, Ualarai, Kamilaroi, Kamu, and Paarkinji",Museum,all,Yes,Yes,NSW,18 Bathurst Street Brewarrina NSW 2839,https://www.facebook.com/brewarrinaacm,,"Aboriginal Culture, Heritage and Arts Association of NSW (ACHAA)"
Callara Cultural & Heritage Aboriginal Corporation,2018,NSW Aboriginal groups,Cultural Centre,"view, learn, engage",Yes,Yes,NSW,"18 William Street, Condobolin NSW 2877",https://callaraculture.com.au/,,"Aboriginal Culture, Heritage and Arts Association of NSW (ACHAA)"
Coomaditchie United Aboriginal Corporation,1992,East Coast Saltwater People and Dharawal,Community Centre,"view, learn, engage",Yes,Yes,NSW,"Corner Shellharbour Road and, Parkes St, Port Kembla NSW 2505",https://coomaditchie.org.au/,,"Aboriginal Culture, Heritage and Arts Association of NSW (ACHAA)"
Dharriwaa Elders Group,2000,"Gamilaraay, Ngiyambaa, Wayilwan, and Yuwaalayaay",Cultural Centre,"view, learn",Yes,Yes,NSW,"47 Fox St, Walgett NSW 2832",https://www.dharriwaaeldersgroup.org.au,,"Aboriginal Culture, Heritage and Arts Association of NSW (ACHAA)"
Dunghutti-Ngaku Aboriginal Art Gallery,2008,Dunghutti and Mid North Coast NSW Aboriginal people,Gallery,"view, learn, buy",Yes,Yes,NSW,"Val Melville Centre (Kempsey Museum), South Kempsey NSW 2440",https://www.dnaag.com.au/,,"Aboriginal Culture, Heritage and Arts Association of NSW (ACHAA)"
Goondee Keeping Place,2000,"Gamilaraay / Yuwaalaraay, Euhalayi, Murrawarri, and surrounding groups",Museum,"view, learn",Yes,Yes,NSW,83-85 Pandora Street Lightning Ridge New South Wales 2834,https://goondeeaboriginalkeepingplace.com/,,"Aboriginal Culture, Heritage and Arts Association of NSW (ACHAA)"
Maliyan Cultural Centre,2022,Wiradjuri,Cultural Centre,"view, learn, buy",Yes,Yes,NSW,"13A Nanima Crescent , Wellington, NSW, Australia, 2820",https://www.instagram.com/maliyanculturalcentre/?hl=en,,"Aboriginal Culture, Heritage and Arts Association of NSW (ACHAA)"
"Maliyangaa Ngurra Languages, Arts, & Cultural Centre",2026,"Wayilwan, Weilwan, Ngemba, Ngiyampaa, Yuwaalaraay, Gamilaraay, and Wiradjuri",Gallery,"view, learn, engage",Yes,Yes,NSW,"11 Tucka Tucka St, Quambone NSW 2831",,,"Aboriginal Culture, Heritage and Arts Association of NSW (ACHAA)"
Minjungbal Museum and Cultural Centre,1984,Minyungbal / Minjungbal,Museum,"view, learn, engage",Yes,Yes,NSW,"Corner of Kirkwood Road and Duffy Street, South Tweed Heads",https://minjungbalmuseum.com.au/,,"Aboriginal Culture, Heritage and Arts Association of NSW (ACHAA)"
Miromaa Aboriginal Language and Technology Centre,2002,Various,Cultural Centre,"learn, engage",Yes,Yes,NSW,Level 1/9 Main Rd Boolaroo NSW Australia,https://miromaa.org.au/,,"Aboriginal Culture, Heritage and Arts Association of NSW (ACHAA)"
Manaruu Bubaraa Gaduu Keeping Place,1994,Yuin,Museum,"view, learn",Yes,Yes,NSW,PO Box 184 Eden NSW 2551,https://www.twofoldjigamy.org.au/keeping-place,,"Aboriginal Culture, Heritage and Arts Association of NSW (ACHAA)"
Muda Aboriginal Corporation,1999,Paakantji / Barkindji,Cultural Centre,"view, learn, engage",Yes,Yes,NSW,"1 Wangkumarra Drive, Bourke NSW 2840",http://www.2cuzfm.com/cultural-centre.php,,"Aboriginal Culture, Heritage and Arts Association of NSW (ACHAA)"
Murrook Cultural Centre,1984,Worimi,Cultural Centre,"view, learn, engage",Yes,Yes,NSW,"2163 Nelson Bay Rd, Williamtown NSW 2318",https://www.murrook.org.au/,,"Aboriginal Culture, Heritage and Arts Association of NSW (ACHAA)"
Muru Mittigar,1998,Dharug,Cultural Centre,"view, learn, engage",Yes,Yes,NSW,"Cultural Education Centre, 21 Guntawong Road, Rouse Hill NSW 2155",https://www.murumittigar.com.au/contact/,,"Aboriginal Culture, Heritage and Arts Association of NSW (ACHAA)"
Welcome to Country (Tranby Aboriginal Co-Operative partner),1957,Various,Store,"view, buy",Yes,Yes,NSW,"11-13 Mansfield St, Glebe NSW 2037",https://tranby.org.au/,,"Aboriginal Culture, Heritage and Arts Association of NSW (ACHAA)"
Umbarra Cultural Centre,1998,Yuin / Ngarigo,Cultural Centre,"view, learn, engage",Yes,Yes,NSW,"246 Bermagui Road, Akolele 2546",,,"Aboriginal Culture, Heritage and Arts Association of NSW (ACHAA)"
Wiradjuri Condobolin Study Centre,2003,Wiradjuri,Cultural Education Centre,"view, learn, engage",Yes,Yes,NSW,"48 McDonnell St, Condobolin NSW 2877",https://wiradjuricc.com/,,"Aboriginal Culture, Heritage and Arts Association of NSW (ACHAA)"
Wungunja Cultural Centre Trangie,2017,Wiradjuri,Cultural Centre,"view, learn",Yes,Yes,NSW,"81 Dandaloo Street, Trangie NSW 2823",https://www.trangie-lalc.com.au/,,"Aboriginal Culture, Heritage and Arts Association of NSW (ACHAA)"
Yarkuwa Indigenous Knowledge Centre,2003,Wamba Wamba and Perrepa Perrepa,Cultural Centre,"view, learn, engage",Yes,Yes,NSW,"392-394 Hay Rd, Deniliquin NSW 2710",https://www.yarkuwa.org.au/,,"Aboriginal Culture, Heritage and Arts Association of NSW (ACHAA)"
Yarrawarra Aboriginal Cultural Centre,1987,Gumbaynggirr,Cultural Centre,all,Yes,Yes,NSW,"69 Red Rock Road, Corindi Beach NSW 2456",https://www.yarrawarra.com.au/,,"Aboriginal Culture, Heritage and Arts Association of NSW (ACHAA)"
Cheeditha Art Group,2002,"Yindjibarndi, Kariyarra, Ngarluma and Eastern Guruma",Art Centre,"view, learn, buy",Yes,Yes,WA,"North West Coastal Hwy, Roebourne WA 6718",https://www.artbycheeditha.com.au/,,Aboriginal Art Centre Hub Western Australia (AACHWA)
Ingarlgalandij Arts and Cultural Hub,2026,Bardi Jawi,Art Centre,"view, learn, buy",Yes,Yes,WA,"Lot 16-17 One Arm Point Road, Dampier Peninsula WA 6725",https://ingarlgalandij.com.au/,,Aboriginal Art Centre Hub Western Australia (AACHWA)
Juluwarlu Group Aboriginal Corporation,2016,Yindjibarndi people,Cultural Centre,"view, learn, engage",Yes,Yes,WA,"Ganalili Centre, 38 Roe Street, Roebourne WA 6718",https://juluwarlu.com.au/our-work/juluwarlu-art-group/,,Aboriginal Art Centre Hub Western Australia (AACHWA)
Kira Kiro Kalumburu Art Centre,2009,Kwini and Wunambal,Art Centre,"view, learn, buy",Yes,Yes,WA,"89 Kalumburu Blvd, Kalumburu WA 6740",https://www.waringarriarts.com.au/kira-kiro-artists/about-us?srsltid=AU7gw4U6Mo1H7XqbN77Dp3CSU-m3dgJ7Ktfiq7BhmctZHamYXzH_8HaA,,Aboriginal Art Centre Hub Western Australia (AACHWA)
Ku'arlu Mangga (Good Nest),2011,Northampton (Mooniemia) Aboriginal people,Art Centre,"view, learn, buy",Yes,Yes,WA,"31 Robinson Street, Northampton, WA 6535",https://www.nosci.com.au/,,Aboriginal Art Centre Hub Western Australia (AACHWA)
Mangkaja Arts Resource Agency,1981,"Bunuba, Gooniyandi, Nyikina, Walmajarri, and Wangkatjungka / Wangkajunga",Art Centre,"view, learn, buy",Yes,Yes,WA,"8 Bell Rd, Fitzroy Crossing WA 6765",https://www.mangkaja.com/home,,Aboriginal Art Centre Hub Western Australia (AACHWA)
Martumili Artists,2006,Martu,Art Centre,"view, learn, buy",Yes,Yes,WA,"East Pilbara Art Centre Newman Drive, Newman WA 6753",https://martumili.com.au/,,Aboriginal Art Centre Hub Western Australia (AACHWA)
Mowanjum Aboriginal Art and Cultural Centre,1998,"Woddordda (Worrorra), Ngarinyin, and Wunambal Gambera",Cultural Centre,all,Yes,Yes,WA,"Gibb River Road, Derby Western Australia",https://mowanjumarts.com/,,Aboriginal Art Centre Hub Western Australia (AACHWA)
Nagula Jarndu Designs,1987,Yawuru,Art Centre,"view, learn, buy",Yes,Yes,WA,"1/12 Gregory St, Broome WA 6725, Australia",https://nagulajarndu.com.au/,,Aboriginal Art Centre Hub Western Australia (AACHWA)
Papulankutja Artists,2003,Yarnangu,Art Centre,"view, learn, buy",Yes,Yes,WA,"Lot 160 Blackstone-Warburton Rd, Papulankutja WA 0872",https://papulankutja.com.au/,,Aboriginal Art Centre Hub Western Australia (AACHWA)
Spinifex Hill Studio,2008,"Kariyarra, Banyjima, Mangala, Manyjiljarra, Martu, Noongar, Nyangumarta, Nyamal, Nyiyarparli, and Walmajarri, Warnman, Yamatji, Yindjibarndi",Art Centre,"view, learn, buy",Yes,Yes,WA,"18 Hedditch St, South Hedland WA 6722",https://www.spinifexhillstudio.com.au/studio-1,,Aboriginal Art Centre Hub Western Australia (AACHWA)
Tjanpi Desert Weavers,1995,"Ngaanyatjarra, Pitjantjatjara, and Yankunytjatjara",Art Centre,"view, learn, buy",Yes,Yes,WA,"3 Wilkinson Street, Alice Springs NT 0870",https://tjanpi.com.au/,,Aboriginal Art Centre Hub Western Australia (AACHWA)
Tjarlirli & Kaltukatjara Art,2006,Ngaanyatjarra and Pitjantjatjara,Art Centre,"view, learn, buy",Yes,Yes,WA,"Tjukurla Community Access Road, Tjukurla, Ngaanyatjarra Lands, WA 0872
236 Lasseter Road, Kaltukatjara (Docker River), NT 0872",https://tjarlirliart.com/,,Aboriginal Art Centre Hub Western Australia (AACHWA)
Tjukurba Gallery & Birriliburu Artists,2005,Birriliburu clan (Martu people),Gallery,"view, learn, buy",Yes,Yes,WA,"Canning-Gunbarrel Discovery Centre, 28 Scotia Street, Wiluna WA 6646",https://tjukurbagallery.com.au/,,Aboriginal Art Centre Hub Western Australia (AACHWA)
Walkatjara Cultural Centre,1995,Anangu,Cultural Centre & Gallery,"view, learn",Yes,Yes,WA,"Uluru-Kata Tjuta National Park Cultural Centre, 1680 Uluru Road, Petermann, NT, 0872 Australia",https://walkatjara.com/,,Aboriginal Art Centre Hub Western Australia (AACHWA)
Warakurna Artists,2005,Ngaanyatjarra,Art Centre,"view, learn, buy",Yes,Yes,WA,"PMB 29 Via Alice Springs, 0872 Warakurna Community, Ngaanyatjarraku, WA",https://www.warakurnaartists.com.au/,,Aboriginal Art Centre Hub Western Australia (AACHWA)
Waringarri Aboriginal Arts,1970,Miriwoong,Art Centre,all,Yes,Yes,WA,"16 Speargrass Rd, Kununurra WA 6743",https://www.waringarriarts.com.au/?srsltid=AU7gw4V93gmS8LgnoVzM0aeoj3eKD62noUUTThhZN9FyA6ErTswDyzuB,,Aboriginal Art Centre Hub Western Australia (AACHWA)
Warlayirti Artists,1987,"Kukatja, Ngardi, Djaru, Warlpiri, Walmajarri, Wangkajunga, Pintupi and Manyjiljarra",Art Centre,"view, learn, buy",Yes,Yes,WA,"Lot 1 Nyirla Warlayirti Rd, Tanami WA 6770",https://balgoart.org.au/,,Aboriginal Art Centre Hub Western Australia (AACHWA)
Warmun Art Centre,1998,Gija,Art Centre,"view, learn, buy",Yes,Yes,WA,"Warmun Aboriginal Community, Great Northern Hwy, Warmun WA 6743",https://warmunart.com.au/,,Aboriginal Art Centre Hub Western Australia (AACHWA)
Wirnda Barna Artists,2009,Badimia and Wajarri,Art Centre,"view, learn, buy",Yes,Yes,WA,"79 Hepburn St, Mount Magnet WA 6638",https://www.wirndabarna.com.au/,,Aboriginal Art Centre Hub Western Australia (AACHWA)
Yamaji Art,2009,Yamaji,Art Centre,"view, learn, buy",Yes,Yes,WA,"189 Marine Terrace, Geraldton WA 6530",https://yamajiart.com/,,Aboriginal Art Centre Hub Western Australia (AACHWA)
Yarliyil Art Centre,1998,"Jaru, Gija, and Walmajarri",Art Centre,"view, learn, buy",Yes,Yes,WA,"300 Great Northern Hwy, Halls Creek WA 6770",https://yarliyilarts.com/,,Aboriginal Art Centre Hub Western Australia (AACHWA)
Yinjaa-Barni Art,2004,Yindjibarndi,Art Centre,"view, learn, buy",Yes,Yes,WA,"The Dalgety House, 48 Roe St, Roebourne WA 6718",https://www.yinjaa-barni.com.au/,,Aboriginal Art Centre Hub Western Australia (AACHWA)
Bidyadanga Artists,2023,"Karajarri, Juwaliny, Mangala, Nyangumarta, and Yulparija",Art Centre,"view, learn, buy",Yes,Yes,WA,"Bidyadanga Road, Bidyadanga Aboriginal Community",https://bidyadangaartists.com/,,
Laverton Aboriginal Art Gallery,2002,Wongi,Gallery,"view, learn, buy",Yes,Yes,WA,"4 Euro St, Laverton WA 6440",https://www.facebook.com/lavertoncca.com.au/,,
Marnin Studio,2013,"Bunuba, Gooniyandi, Wangkatjungka, Walmajarri, and Nyikina",Art Centre,"view, learn, buy",Yes,Yes,WA,"Marninwarntikura Women’s Resource Centre, Lot 284 Balanijangarri Road, Fitzroy Crossing Western Australia, 6765",https://marninstudio.com.au/,,
Minyma Kutjara Arts Project,2012,Pitjantjatjara and Ngaanyatjarra,Art Centre,"view, learn, buy",Yes,Yes,WA,"Irrunytju (Wingellina) Community, Western Australia",https://minymakutjara.com/,,
Spinifex Arts Project,1997,Pila Nguru people,Art Centre,"view, learn, buy",Yes,Yes,WA,"Tjuntjuntjara Community, WA 6436",https://www.spinifexartsproject.org.au/,,
Japingka Aboriginal Art Gallery,1995,Various,Gallery,"view, learn, buy",Yes,No,WA,"47 High Street, Fremantle, Western Australia",https://japingkaaboriginalart.com/,,
Maruku Arts,1984,Anangu,Art Centre,all,Yes,Yes,NT,"Uluru-Kata Tjuta National Park Cultural Centre, 1680 Uluru Road, Petermann, NT, 0872 Australia",https://maruku.com.au/,,
Ninuku Arts,2006,Pitjantjatjara and Ngaanyatjarra,Art Centre,"view, learn, buy",Yes,Yes,NT,47 Kalka Community via Alice Springs NT 0872,https://www.ninukuarts.com.au/,,
Museum and Art Gallery of the Northern Territory,1969,Various,Museum,"view, learn, engage",No,No,NT,,https://www.magnt.net.au/,,
Durrmu Arts Aboriginal Corporation,2011,Peppimenarti,Art Centre,"view, learn, buy",Yes,Yes,NT,"Lot 15, Peppimenarti Community, NT 0822, Australia",https://durrmuarts.com.au/,,"ANKA, Indigenous Art Code"
Jilamara Arts and Crafts Association,1989,Tiwi,Art Centre,"view, learn, buy",Yes,Yes,NT,"Lot 218/219, Milikapiti NT 0822",https://jilamara.com/,,
Merrepen Arts Centre,1986,"Ngan’gikurrungurr, Ngen’giwumirri, Marrithiel, Marrigarr, Marrimananyti, Malak Malak, Matngala, Ngan gikurunggurr, and Ngen giwumirri",Art Centre,"view, learn, buy",Yes,Yes,NT,"Lot 32 Nauiyu Community, Nauiyu NT 0822",https://merrepenarts.com.au/,,
Munupi Arts and Crafts Association,1990,Tiwi,Art Centre,"view, learn, buy",Yes,Yes,NT,"Pirlangimpi Community, Melville Island, Northern Territory 0822",https://munupiart.com/,,
Tiwi Design,1968,Tiwi,Art Centre,"view, learn, buy",Yes,Yes,NT,"Puantulura Street, Nguiu, Bathurst Island, Northern Territory 0822",https://tiwidesigns.com/,,
Anindilyakwa Art and Cultural Centre,2005,Anindilyakwa (warnamamalya),Art and Cultural Centre,"view, learn, buy",Yes,Yes,NT,"Shop 1, Alyangula Arcade, Groote Eylandt",https://anindilyakwaarts.com.au/,,
Bula’bula Arts Aboriginal Corporation,1989,Yol?u,Art Centre,"view, learn, buy",Yes,Yes,NT,"19 Warrk Rd, Ramingining NT 0822, Australia",https://bulabula.com.au/pages/our-story,,
Buku-Larrnggay Mulka Centre,1979,Yol?u,Art Centre & Museum,"view, learn, buy",Yes,Yes,NT,"138 Tuffin Road, Yirrkala NT 0880, Australia",https://yirrkala.com/,,
Elcho Island Arts,1992,Yol?u,Art Centre,"view, learn, buy",Yes,Yes,NT,"Ganapay Parade, Galiwin’ku NT 0822",https://elchoislandarts.com/,,
Gapuwiyak Culture and Arts Aboriginal Corporation,2007,Yol?u,Cultural Centre & Art Centre,"view, learn, buy",Yes,Yes,NT,"Lot 140 Gapuwiyak, NT 0880",https://gapuwiyak.com.au/,,
Injalak Arts and Crafts,1989,Kunwinjku,Art Centre,all,Yes,Yes,NT,"Lot 383, Gunbalanya NT 0822, Australia",https://injalak.com/,,
Maningrida Arts and Culture,1973,Maningrida Area Aboriginal Groups,Art Centre & Museum,"view, learn, buy",Yes,Yes,NT,"Lot 725, Maningrida NT 0822",https://maningrida.com/,,
Milingimbi Art and Culture Aboriginal Corporation,1912,Yol?u,Art Centre,"view, learn, buy",Yes,Yes,NT,"Lot 53 Gadupu Rd, Milingimbi via Winnellie, NT, 0822",https://milingimbiart.com/,,
Ngukurr Arts Aboriginal Corporation,1988,"Ngalakgan, Alawa, Mangarrayi, Ngandi, Marra, Warndarrang, Nunggubuyu, Ritharrngu-Wägilak, and Rembarrnga, collectivley known as Yugul Mangi",Art Centre,"view, learn, buy",Yes,Yes,NT,"Balamurra St, Ngukurr, NT 0852",https://ngukurrarts.com/,,
Djilpin Arts,2002,Bagala clan of the Jawoyn Nation,Gallery & Museum,all,Yes,Yes,NT,"2 Cameron Road, Beswick NT 0852",https://www.djilpinarts.org.au/,,
Godinymayin Yijard Rivers Arts and Culture Centre,2012,"Dagoman, Jawoyn, and Wardaman",Cultural Centre & Gallery,"view, learn, engage",No,No,NT,"Lot 3238 Stuart Highway, Katherine East NT 0850, Australia",https://www.gyracc.org.au/,,
Mimi Aboriginal Art and Craft,1978,Katherine Region Aboriginal Groups,Gallery,"view, learn, buy",Yes,Yes,NT,"6 Pearce Street, Katherine, NT 0850",https://mimiarts.com/,,
The Stockyard Gallery,Not recorded,Mangarayi and Yangman,Gallery,"view, learn",No,No,NT,"9 Roper Terrace (Stuart Highway), Mataranka, NT 0852",www.facebook.com/pages/The-Stockyard-Gallery-and-Garden-Cafe,,
Top Didj Cultural Experience and Art Gallery,1997,Nothern Territory Aboriginal Groups,Cultural Centre & Gallery,all,Yes,No,NT,"363 Gorge Road, Lansdowne, Katherine, NT 0850",https://www.topdidj.com/,,
Wik & Kugu Arts Centre,Not recorded,Wik / Kugu peoples; five Aurukun clans,Art Centre,"buy, view, learn, engage",Yes,Yes,QLD,"Aurukun, QLD",https://wikandkuguarts.com,Wik & Kugu Arts Centre,Aurukun Shire Council
Badu Art Centre,2009,Mura Badulgal / Badu Island people,Art Centre,"buy, view, learn",Yes,Yes,QLD,"274 Blanket St, Badu Island QLD 4875",https://www.baduartcentre.com/about-badu-art-centre,Badu Art Centre,Badhulgaw Kuthinaw Mudh TSI Corporation
UMI Arts,2005,Far North Queensland First Nations peoples,Art Centre / Arts Organisation,"buy, view, learn, engage",Yes,Yes,QLD,"4/1 Jensen St, Manoora, Cairns QLD 4870",https://umiarts.com.au/contact-us/,UMI Arts,First Nations arts organisation
Girringun Aboriginal Art Centre,2008,"Nywaigi, Gugu Badhun, Warrgamay, Warungnu, Bandjin, Girramay, Gulgnay, Jirrbal & Djiru",Art Centre,"buy, view, learn",Yes,Yes,QLD,"235 Victoria St, Cardwell QLD 4849",https://www.girringun.com/girringunartcentre,Girringun Aboriginal Corporation,Girringun Aboriginal Corporation
Erub Arts,2009,Meriam / Erub people,Art Centre,"buy, view, learn, engage",Yes,Yes,QLD,"Darnley Island, QLD 4875",https://www.erubarts.com.au/about/,Erub Arts,Erub Erwer Meta Torres Strait Islander Corporation
Hopevale Arts & Cultural Centre,2009,Guugu Yimithirr / Hope Vale community,Cultural Centre / Art Centre,"buy, view, learn, engage",Yes,Yes,QLD,"1 Flierl St, Hope Vale QLD 4895",https://hopevaleart.org.au/,Hopevale Arts & Cultural Centre,Hopevale Aboriginal Corporation for Arts and Culture
Wei'Num Arts,2010,Western Cape York Aboriginal & Torres Strait Islander peoples,Art Centre,"buy, view, learn",Yes,Yes,QLD,"Mapoon, QLD 4874",https://weinumarts.com.au/,ABN Lookup / Arts Queensland,Wei'Num Arts and Crafts Aboriginal and Torres Strait Islander Corporation
Yalanji Arts,Not recorded,Kuku Yalanji,Art Centre,"buy, view, learn, engage",Yes,Yes,QLD,"Mossman Gorge, QLD",https://www.yalanjiarts.com.au/,Yalanji Arts,Bamanga Bubu Ngadimunku Aboriginal Corporation
Pormpuraaw Art & Culture Centre,2011,Traditional Owners of Pormpuraaw,Art & Cultural Centre,"buy, view, learn, engage",Yes,Yes,QLD,"Pormpuraaw, QLD",https://pormpuraawartculture.com/,Pormpuraaw Art & Culture,Pormpuraaw Art & Culture Centre Incorporated
Yarrabah Arts & Cultural Precinct,2002,Gunggandji / Yarrabah community,Cultural Centre / Art Centre,"buy, view, learn, engage",Yes,Yes,QLD,"Yarrabah, QLD",https://www.yarrabah.qld.gov.au/community-services/,Yarrabah Aboriginal Shire Council,Yarrabah Aboriginal Shire Council
Gab Titui Cultural Centre,Not recorded,Torres Strait Islander peoples / Aboriginal peoples of Torres Strait & Northern Peninsula Area,Cultural Centre / Gallery,"view, learn, buy",Yes,No,QLD,Thursday Island QLD 4875,https://www.gabtitui.gov.au/,Torres Strait Regional Authority,Torres Strait Regional Authority
Mornington Island Art / MIArt,Not recorded,Lardil / Mornington Island Traditional Owners,Art Centre,"buy, view, learn, engage",Yes,Yes,QLD,"1 Lardil St, Gununa, Mornington Island QLD 4892",https://www.morningtonisland.com.au/,Mirndiyan Gununa Aboriginal Corporation,Indigenous Art Centre Alliance
Baluk Arts,Not recorded,Bunurong / Boonwurrung,Art Centre / Gallery,"buy, view, learn, engage",Yes,Yes,VIC,"5 Davies Ave, Mount Eliza VIC 3930",https://balukarts.org.au/,Baluk Arts,Aboriginal community arts centre
Kaiela Arts,2006,Yorta Yorta,Art Centre,"buy, view, learn, engage",Yes,Yes,VIC,"530 Wyndham St, Shepparton VIC 3630",https://kaielaarts.org.au/,Kaiela Arts,Aboriginal art centre
Perridak Arts,2023,Wadawurrung / Ballarat First Nations community,Gallery / Art Centre,"buy, view, learn",Yes,Yes,VIC,"Shop 2/214 Mair St, Ballarat Central VIC 3350",https://perridakarts.com.au/,Perridak Arts,Ballarat & District Aboriginal Cooperative (BADAC)
Blak Dot Gallery,2011,First Nations peoples,Gallery,"buy, view, learn, engage",Yes,Yes,VIC,"33 Saxon St, Brunswick VIC 3056",https://blakdot.com.au/contact,Blak Dot Gallery,First Nations artist-run organisation
The Torch Gallery,2011,Aboriginal and Torres Strait Islander peoples,Gallery / Arts Organisation,"buy, view, learn, engage",Yes,Yes,VIC,"146 Elgin St, Carlton VIC 3053",https://thetorch.org.au/,The Torch,First Nations-led organisation
Koorie Heritage Trust,1985,Victorian First Peoples / Koorie peoples,Cultural Centre / Gallery,"view, learn, engage",Yes,Yes,VIC,"Birrarung Building, Federation Square, Melbourne VIC 3000",https://kht.org.au/,Koorie Heritage Trust,Koorie Heritage Trust
Bunjilaka Aboriginal Cultural Centre,Not recorded,Victorian First Peoples / Kulin peoples,Cultural Centre / Gallery,"view, learn, engage",Yes,No,VIC,"11 Nicholson St, Carlton VIC 3053",https://museumsvictoria.com.au/bunjilaka/,Melbourne Museum,Museums Victoria
Ian Potter Centre: NGV Australia,2002,Various Aboriginal and Torres Strait Islander groups,Gallery,"view, learn",No,No,VIC,"Federation Square, Melbourne VIC 3000",https://www.ngv.vic.gov.au/,National Gallery of Victoria,National Gallery of Victoria
Brambuk – The National Park & Cultural Centre,1989,Djab Wurrung / Jadawadjali,Cultural Centre / Visitor Centre,"view, learn, engage",Yes,No,VIC,"277 Grampians Rd, Halls Gap VIC 3381",https://www.parks.vic.gov.au/places-to-see/parks/grampians-national-park/attractions/central-grampians/things-to-do/brambuk-the-national-park-and-cultural-centre,Parks Victoria,Parks Victoria / Traditional Owner organisations
Narana Aboriginal Cultural Centre,Not recorded,Victorian Aboriginal peoples,Cultural Centre,"view, learn, engage",Yes,Not recorded,VIC,"Geelong, VIC",https://wathaurongcc.org.au/,Narana Aboriginal Cultural Centre,Not recorded
Dharnya Centre,Not recorded,Yorta Yorta,Cultural Centre / Visitor Centre,"view, learn, engage",Yes,Yes,VIC,"Sandridge Road, Barmah National Park, Barmah VIC 3639",https://dharnyacentre.com.au/,Dharnya Centre,Yorta Yorta Nation Aboriginal Corporation
Budj Bim Aboriginal Cultural/Visitor Centre,Not recorded,Gunditjmara,Cultural Centre / Visitor Centre,"view, learn, engage",Yes,Yes,VIC,"Budj Bim National Park, VIC",https://www.budjbim.com.au/,Gunditjmara Traditional Owners,Gunditj Mirring Traditional Owners Aboriginal Corporation
Ernabella Arts,1948,A?angu Pitjantjatjara Yankunytjatjara,Art Centre,"buy, view, learn",Yes,Yes,SA,"Pukatja/Ernabella, SA",https://www.ernabellaarts.com.au/,Ernabella Arts / AGSA,A?angu Pitjantjatjara Yankunytjatjara community
Iwantja Arts,Early 1980s,Yankunytjatjara / A?angu,Art Centre,"buy, view, learn",Yes,Yes,SA,"Indulkana Community, APY Lands SA",https://www.iwantjaarts.com.au/,Iwantja Arts,Iwantja Arts and Crafts Aboriginal Corporation
Kaltjiti Arts and Crafts,Not recorded,Pitjantjatjara / Yankunytjatjara,Art Centre,"buy, view, learn, engage",Yes,Yes,SA,"Kaltjiti/Fregon, APY Lands, SA",https://www.agsa.sa.gov.au/whats-on/tarnanthi/tarnanthi-art-centres/kaltjiti-arts-and-crafts/,AGSA / Tarnanthi,APY Art Centre Collective
Mimili Maku Arts,2010,Anangu Pitjantjatjara Yankunytjatjara,Art Centre / Cultural Centre,"buy, view, learn, engage",Yes,Yes,SA,"Mimili Community, APY Lands, SA",https://www.mimilimaku.com/about,Mimili Maku Arts / AGSA,APY Art Centre Collective
Ninuku Arts,2006,Pitjantjatjara / Ngaanyatjarra,Art Centre,"buy, view, learn, engage",Yes,Yes,SA,"PMB 47 Kalka Community, via Alice Springs NT 0872",https://www.ninukuarts.com.au,Ninuku Arts / AGSA,APY Art Centre Collective
Tjala Arts,1999,Anangu / Pitjantjatjara,Art Centre,"buy, view, learn, engage",Yes,Yes,SA,"Amata Community, APY Lands, SA",https://tjalaarts.com.au/about,Tjala Arts / AGSA,Minymaku Aboriginal Corporation
Tjungu Palya,2006,Anangu / Pitjantjatjara / Yankunytjatjara,Art Centre,"buy, view, learn, engage",Yes,Yes,SA,"Nyapari Community, APY Lands, SA",https://www.agsa.sa.gov.au/whats-on/tarnanthi/tarnanthi-art-centres/tjungu-palya-art-centre/,AGSA / ABN Lookup,APY Art Centre Collective
Arts Ceduna,2001,"Wirangu, Mirning, Kookatha and other Far West Aboriginal communities",Arts Centre / Cultural Centre,"buy, view, learn, engage",Yes,Yes,SA,"2 Eyre Highway, Ceduna SA 5690",https://www.artsceduna.com.au,Arts Ceduna / Ceduna Aboriginal Corporation,Ceduna Aboriginal Corporation
Iwiri Art Studio,Not recorded,Aboriginal and Torres Strait Islander peoples,Art Studio / Art Centre,"buy, view, learn, engage",Yes,Yes,SA,"Adelaide, SA",https://iwiri.com.au,Iwiri Aboriginal Corporation,Iwiri Aboriginal Corporation
Tandanya,1989,Kaurna / Aboriginal and Torres Strait Islander peoples,Cultural Centre / Arts Centre,"view, learn, engage",Yes,Yes,SA,"253 Grenfell Street, Adelaide SA 5000",https://tandanya.com.au,Tandanya,Aboriginal community / Tandanya
Ku Arts,1998,Aboriginal and Torres Strait Islander artists of South Australia,Arts Organisation / Peak Body,"learn, engage",Yes,Yes,SA,"1/241 Pulteney Street, Adelaide SA 5000",https://www.kuarts.com.au,Ku Arts / AGSA,Ananguku Arts and Culture Aboriginal Corporation
Art Gallery of South Australia,1881,Various Aboriginal and Torres Strait Islander groups,Gallery / Museum,"view, learn, engage",No,No,SA,"North Terrace, Adelaide SA 5000",https://www.agsa.sa.gov.au,Art Gallery of South Australia,Government of South Australia
Durrmu Arts Aboriginal Corporation,Not recorded,Peppimenarti Aboriginal community,Art Centre,"buy, view, learn, engage",Yes,Yes,NT,"Lot 16, Peppimenarti NT 0822",https://durrmuarts.com.au,NT Government,Aboriginal community organisation
Jilamara Arts and Crafts Association,Not recorded,Tiwi,Art Centre,"buy, view, learn",Yes,Yes,NT,"Lot 218/219, Milikapiti NT 0822",https://jilamara.com,NT Government,Tiwi community
Merrepen Arts Centre,Not recorded,Nauiyu / Daly River Aboriginal communities,Art Centre,"buy, view, learn",Yes,Yes,NT,"Nauiyu Community, Daly River NT 0822",https://merrepenarts.com.au,NT Government,Nauiyu community
Munupi Arts and Crafts Association,Not recorded,Tiwi,Art Centre,"buy, view, learn",Yes,Yes,NT,"Pirlangimpi Community, Melville Island NT 0822",https://www.munupiart.com,NT Government,Tiwi community
Tiwi Design,Not recorded,Tiwi,Art Centre / Design Studio,"buy, view, learn",Yes,Yes,NT,Bathurst Island NT 0822,https://www.tiwidesign.com,NT Government,Tiwi community
Anindilyakwa Art and Cultural Centre,Not recorded,Anindilyakwa,Art & Cultural Centre,"buy, view, learn, engage",Yes,Yes,NT,"1 Bougainvillea Drive, Groote Eylandt NT 0885",https://anindilyakwaarts.com.au,NT Government,Anindilyakwa Land Council region
Bula'bula Arts Aboriginal Corporation,Not recorded,Yol?u,Art Centre,"buy, view, learn",Yes,Yes,NT,"19 Warrk Road, Ramingining NT 0822",https://bulabula.com.au,NT Government,Ramingining community
Buku-Larrnggay Mulka Centre,Not recorded,Yol?u,Art Centre / Cultural Centre,"buy, view, learn, engage",Yes,Yes,NT,"138 Tuffin Road, Yirrkala NT 0880",https://yirrkala.com,NT Government,Yirrkala community
Waralungku Arts,Not recorded,"Marra, Yanyuwa, Garrawa and Gurdanji",Art Centre,"buy, view, learn",Yes,Yes,NT,"191 Robinson Road, Borroloola NT 0854",https://www.waralungku.com,NT Government,Mabunji Aboriginal Resource Association
Nyinkka Nyunyu Art and Culture Centre,Not recorded,Warumungu,Art & Cultural Centre,"view, learn, engage",Yes,Yes,NT,"13 Paterson Street, Tennant Creek NT 0860",https://nyinkka.com.au,NT Government,Warumungu community
Arlpwe Art and Culture Centre,Not recorded,"Warlmanpa, Warumungu, Alyawarre and Kaytetye",Art & Cultural Centre,"buy, view, learn, engage",Yes,Yes,NT,Ali Curung NT 0872,https://www.australianaboriginalartgallery.com.au/?tr_uuid=20261009-0020-3846-8989-a3e51f08dff7&fp=-7&cheq=2af22dcde85c95298e9b05680fceb51a,NT Government,Ali Curung community
Artists of Ampilatwatja,Not recorded,Alyawarre,Art Centre,"buy, view, learn",Yes,Yes,NT,"Lot 46, Ampilatwatja NT 0871",https://ampilatwatja.com,NT Government,Ampilatwatja community
Hermannsburg Potters,1990,Western Arrarnta,Art Centre,"buy, view, learn",Yes,Yes,NT,"Lot 171, Hermannsburg NT 0872",https://hermannsburgpotters.com.au,NT Government,Ntaria community
Ikuntji Artists,1992,"Western Desert / Luritja, Pintupi and related communities",Art Centre,"buy, view, learn",Yes,Yes,NT,Haasts Bluff NT 0872,https://ikuntji.com.au,NT Government,Ikuntji community
Bindi Mwerre Anthurre Artists,Not recorded,Aboriginal artists of Central Australia,Art Centre / Studio,"buy, view, learn",Yes,Not recorded,NT,"47 Elder Street, Alice Springs NT 0870",https://bindiart.com.au,NT Government,Life Without Barriers
Waringarri Aboriginal Arts,1988,Miriwoong and Gija,Art Centre,"buy, view, learn, engage",Yes,Yes,WA,Kununurra WA 6743,https://waringarriarts.com,WA Government / AGWA,Kimberley Aboriginal artists
Warmun Art Centre,1998,Gija,Art Centre,"buy, view, learn, engage",Yes,Yes,WA,"Warmun Community, WA 6743",https://warmunart.com,WA Government / AGWA,Warmun community
Warlayirti Artists,1987,"Kukatja, Warlpiri, Ngarti and other Western Desert groups",Art Centre,"buy, view, learn",Yes,Yes,WA,"Balgo Community, WA 6770",https://warlayirti.com,WA Government / AGWA,Balgo community
Yarliyil Art Centre,Not recorded,"Jaru, Kija and Gija",Art Centre,"buy, view, learn",Yes,Yes,WA,Halls Creek WA 6770,Not recorded,WA Government,Kimberley Aboriginal artists
Mungart Boodja Art Centre,Not recorded,Noongar,Art Centre,"buy, view, learn, engage",Yes,Yes,WA,Albany WA 6330,Not recorded,WA Government,Noongar community
Yamaji Art,Not recorded,Yamaji / Mid West Aboriginal peoples,Art Centre / Arts Organisation,"buy, view, learn",Yes,Yes,WA,Geraldton WA 6530,https://yamajiart.com.au,WA Government,Yamaji community
Yinjaa-Barni Art,2008,Yindjibarndi and other Pilbara peoples,Art Centre,"buy, view, learn",Yes,Yes,WA,Roebourne WA 6718,https://www.yinjaa-barni.com.au,WA Government,Yindjibarndi community
Martumili Artists,2006,Martu,Art Centre,"buy, view, learn",Yes,Yes,WA,Newman WA 6753,https://martumili.com.au,WA Government,Martumili community
Cherbourg Historical Precinct,Not recorded,Wakka Wakka and other Aboriginal peoples,Museum / Cultural Centre,"view, learn, engage",Yes,Yes,QLD,"Barambah Avenue, Cherbourg QLD 4605",Not recorded,Arts Queensland,Cherbourg community
Moa Arts,Not recorded,Torres Strait Islander peoples,Art Centre,"buy, view, learn",Yes,Yes,QLD,"Moa Island, Torres Strait QLD",Not recorded,Arts Queensland,Moa Island community
Bana Yirriji Art Centre,Not recorded,Kuku Yalanji,Art Centre,"buy, view, learn, engage",Yes,Yes,QLD,Wujal Wujal QLD 4895,Not recorded,Arts Queensland,Wujal Wujal community
Salt Water Murris Quandamooka Aboriginal Art Gallery,Not recorded,Quandamooka,Art Gallery / Cultural Organisation,"buy, view, learn",Yes,Yes,QLD,"Quandamooka Country, QLD",Not recorded,Arts Queensland,Quandamooka community
Yarramundi Cultural Centre,2000,Ngunnawal / Aboriginal and Torres Strait Islander peoples,Cultural Centre,"view, learn, engage",Yes,Not recorded,ACT,"Yarramundi Reach, Canberra ACT",https://www.canberratracks.act.gov.au/heritage-trails/track-1-ngunnawal-country/yarramundi-cultural-centre,Canberra Tracks / ACT Government,ACT Government
Namadgi Visitor Centre,Not recorded,Ngunnawal,Visitor / Cultural Centre,"view, learn, engage",No,No,ACT,"Naas Road, Tharwa ACT 2620",https://www.parks.act.gov.au/parks/national-parks-and-nature-reserves/namadgi-national-park,ACT Government,Namadgi National Park
Armidale Aboriginal Cultural Centre and Keeping Place,Not recorded,"Anaiwan, Kamilaroi, Dunghutti, Ngarabal, Bigambul, Banbai and Gumbaynggirr",Cultural Centre / Keeping Place,"buy, view, learn, engage",Yes,Yes,NSW,"96–104 Kentucky Street, Armidale NSW 2350",https://www.acckp.com.au,NSW Government,Armidale and regional Aboriginal community
Boomalli Aboriginal Artists Co-operative,1987,Aboriginal artists from NSW language groups,Art Gallery / Artists' Co-operative,"buy, view, learn, engage",Yes,Yes,NSW,"55–59 Flood Street, Leichhardt NSW 2040",https://boomalli.com.au,Creative Australia / ACHAA,NSW Aboriginal artists
Waralungku Arts,2003,"Yanyuwa, Garrwa, Marra and Gudanji",Art Centre,"view, learn, buy",Yes,Yes,NT,"191 Robinson Road, Borroloola NT 0854",https://www.instagram.com/waralungku/,,
Nyinkka Nyunyu Art and Culture Centre,1995,Warumungu ,Art and Cultural Centre,"view, learn, buy",Yes,Yes,NT,"13 Paterson Street, Tennant Creek, NT 0860",https://nyinkka.com.au/,,Julalikari Council Aboriginal Corporation
Julalikari Arts,1974,Warumungu,Art Centre & Gallery,"view, learn, buy",Yes,Yes,NT,"232 Paterson Street, Tennant Creek, NT 0860",Not recorded,Julalikari Council Aboriginal Corporation,Julalikari Council Aboriginal Corporation
,,,,,,,,,,,
,,,,,,,,,,,
,,,,,,,,,,,
,,,,,,,,,,,
,,,,,,,,,,,
,,,,,,,,,,,
,,,,,,,,,,,
,,,,,,,,,,,
,,,,,,,,,,,
,,,,,,,,,,,
,,,,,,,,,,,
,,,,,,,,,,,
,,,,,,,,,,,
,,,,,,,,,,,
,,,,,,,,,,,
,,,,,,,,,,,
,,,,,,,,,,,
,,,,,,,,,,,
,,,,,,,,,,,
,,,,,,,,,,,
,,,,,,,,,,,
,,,,,,,,,,,
,,,,,,,,,,,
,,,,,,,,,,,
,,,,,,,,,,,
,,,,,,,,,,,
,,,,,,,,,,,
,,,,,,,,,,,
,,,,,,,,,,,
,,,,,,,,,,,
,,,,,,,,,,,
,,,,,,,,,,,
,,,,,,,,,,,
,,,,,,,,,,,
,,,,,,,,,,,
