Title,Type,Author,Aboriginal group,Aboriginal Group location,Medium,Date made,Collection,Item Housed,Source
Carved Emu egg and stand,Artefact,unknown,unknown (Western Australia),"Western Australia, WA",Emu egg,c.1880,"The State Art Collection, The Art Gallery of Western Australia",Art Gallery of Western Australia (AGWA),Art Gallery of Western Australia (AGWA)
Kulyakartu,Artwork,Muuki Taylor,Martu,"The Great Sandy Desert, WA",acrylic on paper,unknown,"The State Art Collection, The Art Gallery of Western Australia",Art Gallery of Western Australia (AGWA),Art Gallery of Western Australia (AGWA)
Turkey Dance,Artwork,Thompson Narangorgli (also known as Thompson Yulidijirri),Djalama,"Western Arnhem Land, NT",bark,1947,"The State Art Collection, The Art Gallery of Western Australia",Art Gallery of Western Australia (AGWA),Art Gallery of Western Australia (AGWA)
Catfish and killer snake - Manarrngu mortuary rites,Artwork,David Malangi,Manharrngu,"Central Arnhem Land, NT",orchres on eucalyptus bark,unknown,"The State Art Collection, The Art Gallery of Western Australia",Art Gallery of Western Australia (AGWA),"Art Gallery of Western Australia (AGWA), Museum of Contemporary Art (MCA)"
Boongaree,Artwork,Julie Dowling,Badimaya,"Badimaya, WA","synthetic polymer paint, red ochre, metallic paint and glitter on canvas",2001,"The State Art Collection, The Art Gallery of Western Australia",Art Gallery of Western Australia (AGWA),"Art Gallery of Western Australia (AGWA), Julie Dowling"
The Travelling Cloud - Possum Tree Story,Artwork,Narritjin Maymuru,Manggalili,"Arnhem region, NT",ochres on eucalyptus bark,1970,"The State Art Collection, The Art Gallery of Western Australia",Art Gallery of Western Australia (AGWA),"Art Gallery of Western Australia (AGWA), Art Gallery NSW"
Wadmulla and Pintja Pintja (Spirits and butterfly),Artwork,Butcher Joe Nangan,Walmatjarri & Nyikina,"West Kimberley , WA",pencil underdrawing with watercolour,1982 - 1983,"The State Art Collection, The Art Gallery of Western Australia",Art Gallery of Western Australia (AGWA),"Art Gallery of Western Australia (AGWA), Indigenous Australia - National Centre of Biography (ANU)"
Deadly rock python,Artwork,Rover Thomas,Wangkujunga & Kukatja,"The Great Sandy Desert & the Kimberleys, WA",ochres and gum on plywood,c 1985,"The State Art Collection, The Art Gallery of Western Australia",Art Gallery of Western Australia (AGWA),"Art Gallery of Western Australia (AGWA), Art Gallery NSW"
Elder sister (Wawilag),Artwork,"Dundiwuy Wanambi, Mathaman Marika, and Mawalan Marika",Marrakulu & Rirratjingu,"Yirrkala, Arnhem Land, NT",carved wood,1967,"The State Art Collection, The Art Gallery of Western Australia",Art Gallery of Western Australia (AGWA),"Art Gallery of Western Australia (AGWA), Art Gallery NSW, National Gallery of Victoria (NGV)"
The bushfire story and yellow ochre,Artwork,Munggurrawuy Yunupingu,Yol?u,"Gumatj Country, North-East Arnhem Land, NT",orchres on eucalyptus bark,1974,"The State Art Collection, The Art Gallery of Western Australia",Art Gallery of Western Australia (AGWA),"Art Gallery of Western Australia (AGWA), Aboriginal Arts"
Drying wildflowers in summertime,Artwork,Emily Kame Kngwarreye,Anmatyerr,"Anmatyerr Country, Central Desert Region, NT",synthetic polymer paint on canvas,1991,"The State Art Collection, The Art Gallery of Western Australia",Art Gallery of Western Australia (AGWA),"Art Gallery of Western Australia (AGWA), Art Gallery NSW"
Aborigines and fisheries,Artwork,Sandra Hill,Minang/Wardandi/Bibbulmun/Ballardong Noongar,"South West Western Australia, WA","solvent transfer print, watercolour, mixed media",1996,"The State Art Collection, The Art Gallery of Western Australia",Art Gallery of Western Australia (AGWA),Art Gallery of Western Australia (AGWA)
Two Gecko Lizards,Artwork,Abadjera,Anindilyakwa,"Arnhem Land & Groote Eylandt region, NT",bark,1967,"The State Art Collection, The Art Gallery of Western Australia",Art Gallery of Western Australia (AGWA),"Art Gallery of Western Australia (AGWA), Message Sticks, Indigenous.gov.au"
Jila Japingka,Artwork,Jimmy Pike,Walmajarri,"The Great Sandy Desert, WA",colour screenprint on paper,1991,"The State Art Collection, The Art Gallery of Western Australia",Art Gallery of Western Australia (AGWA),"Art Gallery of Western Australia (AGWA), AIATIS"
The water bird - Djalambu ceremony,Artwork,Binyinyuwuy Djarrankuykuy,Djambarrpuyungu,"Arnhem region, NT",ochres on wood,purchased 1988,"The State Art Collection, The Art Gallery of Western Australia",Art Gallery of Western Australia (AGWA),"Art Gallery of Western Australia (AGWA), Art Gallery NSW"
Life giving river- Liyagalawumirri mortuary rites,Artwork,Dawidi Djulwarak,Liyagalawumirr,"Milingimbi, NT",ochres on eucalyptus bark,c. 1962,"The State Art Collection, The Art Gallery of Western Australia",Art Gallery of Western Australia (AGWA),"Art Gallery of Western Australia (AGWA), National Gallery of Victoria (NGV)"
"Interview with Neil Albert Phillips, Aboriginal community worker",Oral History,"Neil Albert Phillips, interviewed by Gail O'Hanlon",Various,"Various, WA",audiocassettes,1997,A project of the J.S. Battye Library of West Australian History and the Shire of Perenjori.,State Library of Western Australia,State Library of Western Australia
"Field notebooks, field journals and transcripts of interviews with Aboriginal people in the Kununurra Region, 1970-1974.",Archive,Bruce Shaw,Kunnurra,"Kunnurra, the Kimberleys, WA","Notebooks, journals, and interview transcripts",1970- 1974,State Library of Western Australia Archive,State Library of Western Australia,State Library of Western Australia
"Derby Leprosarium and Mowanjum Aboriginal Mission, Western Australia.",Photograph,Margret Ross,Various,"WA & NT, WA & NT",photographs,1940 - 1950,State Library of Western Australia Archive,State Library of Western Australia,State Library of Western Australia
"Aboriginal men dancing, Kalumburu, September 1969",Artwork,"Stevenson, Kinder and Scott Corporate Photography",Wunambal and Guini,"Kalumburu, the Kimberleys, WA",photographs,1969,"Stevenson, Kinder & Scott photograph collection",State Library of Western Australia,State Library of Western Australia
Recording of Ethel Creek Aboriginal people and played to McKay Range Aboriginal people 1963,Oral History,"Ethel Creek Elders, recorded by Snell",Nyiyaparli,"Nyiyaparli Country, East Pilbara , WA","audiotape, audio cassette, analog, stereo",1963,State Library of Western Australia Archive,State Library of Western Australia,State Library of Western Australia
Noongar warda,Newspaper,unknown,Noongar,"Bunbury & WA, WA",Newspaper,began 1997,State Library of Western Australia Archive,State Library of Western Australia,State Library of Western Australia
Saltwater Country art collection / Dale Kentwell,Artwork,Dale Kentwell,Bardi,"Dampier Peninsula, WA","sand, acrylic, and mixed media on canvas",2010,Saltwater Country art collection,State Library of Western Australia,State Library of Western Australia
"My Boodja, My Turtle Dreaming",Artwork,Joanne Parfitt,Whadjuk Noongar,"Perth, WA",acrylic on cavas,2024,State Library of Western Australia Archive,State Library of Western Australia,State Library of Western Australia
Stations of the cross: an Aboriginal perspective,Artwork,Matthew Gill Tjupurrula,Kukatja,"East Kimberley region, WA","prints, colour illustrations, folded sheet (newspaper clipping)",1987,State Library of Western Australia Archive,State Library of Western Australia,State Library of Western Australia
The Canoe from Pipe Clay Lake,Artifact,unknown,Gumbaynggirr,"Pipe Clay Lake, NSW",bark,unknown,Jalumbo Culture & Heritage collection,Yarrawarra Aboriginal Cultural Centre,Yarrawarra Aboriginal Cultural Centre
Selsmark Collection,Artifact,"Woddorda, Ngarinyin & Wunambal men and women","Woddorda (Worrorra), Ngarinyin, Wunambal","Mowanjum, WA","dance totems, costumes, musical instruments",1970s,Selsmark Collection,Mowanjum Aboriginal Art and Culture Centre,Mowanjum Aboriginal Art and Culture Centre
Mother and Child,Artwork,Mercy Fredericks,Miriwoong,"Kunururra, WA",natural orchre and pigment on bark,unknown,Waringarri Aboriginal Arts collection,Waringarri Aboriginal Arts,Waringarri Aboriginal Arts
Ngoonborliny and Madjalandy,Artwork,Mignonette Jamin,"Murrinh-Patha, Miriwoong","Muthanoongamaya, Kunurra, NT, WA",natural pigment on canvas,2005,Waringarri Aboriginal Arts collection,Waringarri Aboriginal Arts,Waringarri Aboriginal Arts
"Badge, Pin, Kimberley Land Council, '1978 - 1998', Aboriginal Flag motif",Artifact,unknown,unknown (Western Australia),"Kimberley, WA",enamelled badge & gilt- finish pre-enamelled badge,unknown,"History Department, Western Australian Museum Collections",WA Museum Boola Bardip,WA Museum Boola Bardip
"Ilkurlka Roudhouse Opening & Inma (Dance, Spinifex Country, 2004",Video,"Paupiyala Tjarutja Aboriginal Corporation, Ngaayatjarra Media",Spinifex (Pila Nguru),"Spinifex, Great Victorian Desert, WA",video,2004,Spinifex People - Art and stories from Pila Nguru,WA Museum Boola Bardip,WA Museum Boola Bardip
Nyirunya,Artwork,Kunmanara (Cyril) Thomas,Spinifex (Pila Nguru),"Spinifex, Great Victorian Desert, WA",acrylic on canvas,2008,Spinifex Art Project,Spinifex Art Project,WA Museum Boola Bardip
Untitled,Artwork,Kunumanara (Estelle) Hogan,Spinifex (Pila Nguru),"Spinifex, Great Victorian Desert, WA",acrylic on canvas,1997,Spinifex Art Project,Spinifex Art Project,WA Museum Boola Bardip
"Wana (digging Sticks), stone tools, walu and tjungari (grindstones) and wintjulany(pa) (edible seeds)",Artifacts,unknown,Spinifex (Pila Nguru),"Spinifex, Great Victorian Desert, WA","digging sticks, stone tools, grindstones, edible seeds",Collected 1970,WA Museum Collection,WA Museum Boola Bardip,WA Museum Boola Bardip
Tuwan,Artwork,Ian Rictor,Spinifex (Pila Nguru),"Spinifex, Great Victorian Desert, WA",paint on canvas,2021,Peter and Agnes Cooke,WA Museum Boola Bardip,WA Museum Boola Bardip
Lingka,Artwork,Simon Hogan,Spinifex (Pila Nguru),"Spinifex, Great Victorian Desert, WA",paint on canvas,2010,Tim and Chris Ungar,WA Museum Boola Bardip,WA Museum Boola Bardip
Walawuru Iti Katitja (The Eagle Takes the Baby),Artwork,Spinifex artists,Spinifex (Pila Nguru),"Spinifex, Great Victorian Desert, WA",puppets,unknown,Spinifex Art Project Milpa,Spinifex Art Project,WA Museum Boola Bardip
Kapi Piti Tjuta,Artwork,Kunmanara (Lawrence) Pennington and Ian Rictor,Spinifex (Pila Nguru),"Spinifex, Great Victorian Desert, WA",paint on canvas,2020,WA Museum Collection,WA Museum Boola Bardip,WA Museum Boola Bardip
Millstream Homestead? My Yindjibarndi Country,Artwork,Michelle Adams,Yindjibarndi,"Pilbra, WA",paperbark and found object,2025,Revealed: 2025,Perth Institute of Contempory Art (PICA),Perth Institute of Contempory Art (PICA)
Feeding Season,Textile,Jaymee-Lee ChaQuebor,Bardi,"Dampier Peninsula, WA",textile garment,2025,Revealed: 2026,Perth Institute of Contempory Art (PICA),Perth Institute of Contempory Art (PICA)
Yindjibarndi Ngarluma Ngurra,Artwork,Kaye Warrie,Yindjibarndi,"Pilbara, WA",Acrylic on linen,2025,Revealed: 2026,Perth Institute of Contemporary Art (PICA),Perth Institute of Contemporary Art (PICA)
Indigo dye and silkscreen on cotton,Artwork,Agnes Pigram,"Yawuru, Bardi","Broome, Pilbara, WA",Indigo dye and silkscreen on cotton,Not stated,Revealed: 2026,Perth Institute of Contemporary Art (PICA),Perth Institute of Contemporary Art (PICA)
Carved Pearl Shell,Artwork,Russel (Wossy) Davey,Bardi,"Dampier Peninsula, WA",Carved pearl shell,Not stated,Revealed: 2026,Perth Institute of Contemporary Art (PICA),Perth Institute of Contemporary Art (PICA)
First Flour,Artwork,Beryl Jennings Lane,Ngaanyatjarra,"Warburton, WA",Acrylic on canvas,2025,Revealed: 2026,Perth Institute of Contemporary Art (PICA),Perth Institute of Contemporary Art (PICA)
Cattle Muster,Artwork,John Nargoodah,"Walmajarri, Nyikina","Kimberley, WA",Acrylic on cowhide,2025,Revealed: 2026,Perth Institute of Contemporary Art (PICA),Perth Institute of Contemporary Art (PICA)
Untitled,Artwork,Kiera Holloway,Gooniyandi,"Fitzroy Crossing, WA",Clay,Not stated,Revealed: 2026,Perth Institute of Contemporary Art (PICA),Perth Institute of Contemporary Art (PICA)
Japingka Country,Artwork/ Screenprint,Jimmy Pike,Walmajarri,"Japingka / Great Sandy Desert, WA",Screenprint on paper,1989,Jimmy Pike Collection (R02059),"AIATSIS, Canberra",AIATIS
Jiljiwarnti (Sandhills),Artwork,Jimmy Pike,Walmajarri,"Great Sandy Desert, WA",Filt-tip pen on paper,unknown,Jimmy Pike Collection (R02059),"AIATSIS, Canberra",AIATIS
Larripuka Main Country,Artwork / Screenprint,Jimmy Pike,Walmajarri,"Great Sandy Desert, WA",Screenprint on paper,1987,Jimmy Pike Collection (R02059),"AIATSIS, Canberra",AIATIS
Murrungkurr (Spirit Baby),Artwork,Jimmy Pike,Walmajarri,"Great Sandy Desert, WA",Felt-tip pen on paper,unknown,Jimmy Pike Collection (R02059),"AIATSIS, Canberra",AIATIS
Murrungkurr (Spirit Child),Artwork,Jimmy Pike,Walmajarri,"Great Sandy Desert, WA",Felt-tip pen on paper,unknown,Jimmy Pike Collection (R02059),"AIATSIS, Canberra",AIATIS
Man Thinking,Artwork,Jimmy Pike,Walmajarri,"Great Sandy Desert, WA",Felt-tip pen on paper - black ink,unknown,Jimmy Pike Collection (R02059),"AIATSIS, Canberra",AIATIS
Windmill,Artwork,Jimmy Pike,Walmajarri,"Great Sandy Desert, WA",Felt-tip pen on paper,unknown,Jimmy Pike Collection (R02059),"AIATSIS, Canberra",AIATIS
Swan,Artwork,Jimmy Pike,Walmajarri,"Great Sandy Desert, WA",Felt-tip pen on paper,unknown,Jimmy Pike Collection (R02059),"AIATSIS, Canberra",AIATIS
Jiljinga Kanharni,Artwork,Jimmy Pike,Walmajarri,"Great Sandy Desert, WA",Paint on paper,unknown,Jimmy Pike Collection (R02059),"AIATSIS, Canberra",AIATIS
Jilji Country,Artwork / Screenprint,Jimmy Pike,Walmajarri,"Great Sandy Desert, WA",Screenprint on paper,unknown,Jimmy Pike Collection (R02059),"AIATSIS, Canberra",AIATIS
Pitany (Star),Artwork,Jimmy Pike,Walmajarri,"Great Sandy Desert, WA",Felt-tip pen on paper,unknown,Jimmy Pike Collection (R02059),"AIATSIS, Canberra",AIATIS
Jilji Kurrkuminti I,Artwork / Linocut,Jimmy Pike,Walmajarri,"Great Sandy Desert, WA",Linocut on paper,unknown,Jimmy Pike Collection (R02059),"AIATSIS, Canberra",AIATIS
Our Story. Our Future,Artwork / Digital Artwork,Luke Penrith & Naseli Tamwory,"Wiradjuri, Wotjobaluk, Yuin, Gumbaynggirr & Maluililgal","NSW and Torres Straight Islands, NSW & QLD",Digital artwork,2021,ABS Aboriginal and Torres Strait Islander Brand,Not stated,Australian Bureau of Statistics
Yindjibarndi Ngarluma Ngurra,Artwork,Kaye Warrie,Yindjibarndi,"Yindjibarndi Country, Pilbara, WA, WA",Acrylic on linen,2025,Revealed: 2026,"Perth Institute of Contemporary Arts (PICA), Perth",Revealed / PICA
Indigo dye and silkscreen on cotton,Artwork,Agnes Pigram,Yawuru / Bardi,"Kimberley, WA, WA",Indigo dye and silkscreen on cotton,unknown,Revealed: 2026,"Perth Institute of Contemporary Arts (PICA), Perth",Revealed / PICA
"Julia and Martin Walley, Goomalling",Photograph,Mavis Phillips (nee Walley),Noongar,"South-west WA, WA",Photograph,1950,Mavis Phillips Collection (BA2666/245),"ABS House, Belconnen, ACT",State Library of WA
"Children, Goomalling",Photograph,Mavis Phillips (nee Walley),Noongar,"South-west WA, WA",Photograph,1940-1965,Mavis Phillips Collection (BA2666/245),"State Library of Western Australia, Perth",State Library of WA
"Toddler, Goomalling",Photograph,Mavis Phillips (nee Walley),Noongar,"South-west WA, WA",Photograph,1940-1965,Mavis Phillips Collection (BA2666/245),"State Library of Western Australia, Perth",State Library of WA
A House on the Goomalling Native Reserve,Photograph,Mavis Phillips (nee Walley),Noongar,"South-west WA, WA",Photograph,1960,Mavis Phillips Collection (BA2666/245),"State Library of Western Australia, Perth",State Library of WA
Mavis Phillips (Nee Walley) with Children at Goomalling,Photograph,Mavis Phillips (nee Walley),Noongar,"South-west WA, WA",Photograph,1940-1950,Mavis Phillips Collection (BA2666/245),"State Library of Western Australia, Perth",State Library of WA
Mavis Phillips and Lesley Phillips and Christina Taylor in Their Fist Communion Dresses,Photograph,Mavis Phillips (nee Walley),Noongar,"South-west WA, WA",Photograph,1965,Mavis Phillips Collection (BA2666/245),"State Library of Western Australia, Perth",State Library of WA
"Man and Baby, Goomalling",Photograph,Mavis Phillips (nee Walley),Noongar,"South-west WA, WA",Photograph,1940-1965,Mavis Phillips Collection (BA2666/245),"State Library of Western Australia, Perth",State Library of WA
"Man and Horse, Goomalling",Photograph,Mavis Phillips (nee Walley),Noongar,"South-west WA, WA",Photograph,1940-1965,Mavis Phillips Collection (BA2666/245),"State Library of Western Australia, Perth",State Library of WA
"Loading Cattle, Goomalling",Photograph,Mavis Phillips (nee Walley),Noongar,"South-west WA, WA",Photograph,1940-1965,Mavis Phillips Collection (BA2666/245),"State Library of Western Australia, Perth",State Library of WA
A Family at Goomalling,Photograph,Mavis Phillips (nee Walley),Noongar,"South-west WA, WA",Photograph,1940-1965,Mavis Phillips Collection (BA2666/245),"State Library of Western Australia, Perth",State Library of WA
"Girls, Goomalling",Photograph,Mavis Phillips (nee Walley),Noongar,"South-west WA, WA",Photograph,1940-1965,Mavis Phillips Collection (BA2666/245),"State Library of Western Australia, Perth",State Library of WA
Mavis Phillips with Homemade Flower Pots at Goomalling,Photograph,Mavis Phillips (nee Walley),Noongar,"South-west WA, WA",Photograph,1950,Mavis Phillips Collection (BA2666/245),"State Library of Western Australia, Perth",State Library of WA
Martin and Julia Walley with Mavis Phillips and Children Including Raymond Phillips,Photograph,Mavis Phillips (nee Walley),Noongar,"South-west WA, WA",Photograph,1950,Mavis Phillips Collection (BA2666/245),"State Library of Western Australia, Perth",State Library of WA
Cecil Phillips on a Caterpillar Tractor Near the Oil Mallees,Photograph,Mavis Phillips (nee Walley),Noongar,"South-west WA, WA",Photograph,1950,Mavis Phillips Collection (BA2666/245),"State Library of Western Australia, Perth",State Library of WA
Julia Walley with Daughter Mavis Phillips and Children,Photograph,Mavis Phillips (nee Walley),Noongar,"South-west WA, WA",Photograph,1957,Mavis Phillips Collection (BA2666/245),"State Library of Western Australia, Perth",State Library of WA
Subiaco Gardens,Painting / artwork,Rod Collard,Noongar,"South-west WA, WA",Acrylic paint on paper,2012,"Art Collection, Subiaco Museum","State Library of Western Australia, Perth",Collections WA
Australian Rules Football,Painting / artwork,Rod Collard,Noongar,"South-west WA, WA",Acrylic paint on paper,2012,"Art Collection, Subiaco Museum",Subiaco Museum,Collections WA
Spirits Go Free and Reconcile,Painting / artwork,Rod Collard,Noongar,"South-west WA, WA",Acrylic paint on paper,2012,"Art Collection, Subiaco Museum",Subiaco Museum,Collections WA
Yellow Painting,Painting / artwork,Wendy Hayden (WendyKA),Noongar,"South-west WA, WA",Acrylic paint on paper,2012,"Art Collection, Subiaco Museum",Subiaco Museum,Collections WA
Mindeera,Painting / artwork,Veronica (Roni) Gray Forrest,"Minang, Ngadju","South-west WA, WA",Acrylic paint on canvas,2023,Town of Victoria Park Collection,Town of Victoria Park,Collections WA
garrbina mayiyi (shield),Shield / artwork,Lloyd Pigram,Yawuru,"Broome & Kimberley region, WA",Painted wood / jigily (bauhinia),2018,Nyamba Buru Yawuru Collection,"Nyamba Buru Yawuru, Broome",Collections WA
Landscape Painting,Painting,Revel Cooper,Noongar,"South-west WA, WA","Acrylic paint, Masonite and wood",1972,Fremantle Prison Collection,Fremantle Prison,Collections WA
Women Story 1,Painting / artwork,Beverley Egan,Yamatji,"Murchison & Gascoyne region, WA",Acrylic paint on canvas,2021,"Art Collection, Subiaco Museum",Subiaco Museum,Collections WA
Women Story 2,Painting / artwork,Beverley Egan,Yamatji,"Murchison & Gascoyne region, WA",Acrylic paint on canvas,2021,"Art Collection, Subiaco Museum",Subiaco Museum,Collections WA
Woman Meeting Place,Painting / artwork,Beverley Egan,Yamatji,"Murchison & Gascoyne region, WA",Acrylic paint on canvas,2021,"Art Collection, Subiaco Museum",Subiaco Museum,Collections WA
Two Women Digging for Bush Potato,Painting / artwork,Beverley Egan,Yamatji,"Murchison & Gascoyne region, WA",Acrylic paint on canvas,2021,"Art Collection, Subiaco Museum",Subiaco Museum,Collections WA
Women Digging for Bush Potato,Painting / artwork,Beverley Egan,Yamatji,"Murchison & Gascoyne region, WA",Acrylic paint on canvas,2021,"Art Collection, Subiaco Museum",Subiaco Museum,Collections WA
Woman Sitting Story,Painting / artwork,Beverley Egan,Yamatji,"Murchison & Gascoyne region, WA",Acrylic paint on canvas,2021,"Art Collection, Subiaco Museum",Subiaco Museum,Collections WA
Clifton Totem – Kwila/Sharks,Artwork / mascot,Summer Bennell,Noongar,"South-west WA, WA",Artwork; medium not stated,2024,Bunbury Senior High School Collection,Bunbury Senior High School,Collections WA
Wollaston Mascot – Mamang/Whales,Artwork / mascot,Summer Bennell,Noongar,"South-west WA, WA",Artwork; medium not stated,2024,Bunbury Senior High School Collection,Bunbury Senior High School,Collections WA
"Ngalyod, the Rainbow Serpent swallowing a woman",Bark painting,Peter Marralwanga,"Kuninjku, Eastern Kunwinjku","Western Arnhem Land, NT",Bark painting,c.1980,National Gallery of Australia,National Gallery of Australia,National Gallery of Australia
Yarrpany story with goannas,sculpture,Jimmy Moduk,Marrangu,"Western Daly River region, NT",natural earth pigments on wood,1987–88,National Gallery of Australia,National Gallery of Australia,National Gallery of Australia
"Blackfish, serpents and yams",sculpture,Victor Pamkal,Rembarrnga,"Central Arnhem Land, NT",natural earth pigments on wood,1987–88,National Gallery of Australia,National Gallery of Australia,National Gallery of Australia
Rarrk landscape,sculpture,Elizabeth Djuttara,Ganalbingu,"Central Arnhem Land, NT",natural earth pigments on wood,1987–88,National Gallery of Australia,National Gallery of Australia,National Gallery of Australia
Catfish and herringbone,sculpture,Jimmy Wululu,Gupapuyngu,"North-east Arnhem Land, NT",natural earth pigments on wood,1987–88,National Gallery of Australia,National Gallery of Australia,National Gallery of Australia
Rainbow Serpents surrounding barramunndi,sculpture,Gela Nga-Mirraitja Fordham Wainburranga,Rembarrnga,"Central Arnhem Land, NT",natural earth pigments on wood,1987–88,National Gallery of Australia,National Gallery of Australia,National Gallery of Australia
Rifle fish,sculpture,Jack Mirritji II,Murrungun,"Central Arnhem Land, NT",natural earth pigments on wood,1987–88,National Gallery of Australia,National Gallery of Australia,National Gallery of Australia
Sacred rocks,sculpture,Tom Djumburpur,"Wudamin, Djinba","Victoria River distric, Arnhem Land, NT",natural earth pigments on wood,1987–88,National Gallery of Australia,National Gallery of Australia,National Gallery of Australia
Eel tailed catfish,sculpture,Jimmy Wululu,Gupapuyngu,"North-east Arnhem Land, NT",natural earth pigments on wood,1987–88,National Gallery of Australia,National Gallery of Australia,National Gallery of Australia
Skull and bones,sculpture,Wurraki II,Warramiri,"North-east Arnhem Land, NT",natural earth pigments on wood,1987–88,National Gallery of Australia,National Gallery of Australia,National Gallery of Australia
Barracuda and ibis,sculpture,William Watirri,Gupapuyngu,"North-east Arnhem Land, NT",natural earth pigments on wood,1987–88,National Gallery of Australia,National Gallery of Australia,National Gallery of Australia
"Forked sticks and crossbar, ritual objects, fish, yams, pythons and caterpillars",sculpture,Neville Nanytjawuy,Liyagalawumirr,"North-east Arnhem Land, NT",natural earth pigments on wood,1987–88,National Gallery of Australia,National Gallery of Australia,National Gallery of Australia
King brown snakes,sculpture,John Dhurrikayu II,Manyarrngu,"Central Arnhem Land, NT",natural earth pigments on wood,1987–88,National Gallery of Australia,National Gallery of Australia,National Gallery of Australia
Mil?iyawuy (River of Stars),Bark painting,Naminapu Maymuru-White,"Ma?galili, Yol?u","North-east Arnhem Land, NT",Earth pigments on stringybark,2020,National Gallery of Victoria,National Gallery of Victoria,National Gallery of Australia
Mil?iyawuy (River of Stars),Bark painting,Naminapu Maymuru-White,"Ma?galili, Yol?u","North-east Arnhem Land, NT",Earth pigments on stringybark,2020,National Gallery of Victoria,National Gallery of Victoria,National Gallery of Australia
Visitors to Iwantja Arts,Painting,Kaylene Whiskey,Yankunytjatjara,"Anangu Pitjantjatjara Yankunytjatjara (APY) Lands - Central Australia, SA",Water-based enamel on steel road sign,2022,National Gallery of Australia,National Gallery of Australia,National Gallery of Australia
Australia in Colour,Painting,Vincent Namatjira,Western Aranda,"Central Desert region, NT",Painting,2021,National Gallery of Australia,National Gallery of Australia,National Gallery of Australia
Sugarbag Dreaming,Painting,Rosie Ngwarraye Ross,Alyawarr,"Central Desert region, NT & QLD",Painting,2022,National Gallery of Australia,National Gallery of Australia,National Gallery of Australia
Seven Sisters,Collaborative painting,"Tjungkara Ken, Sandra Ken, Yaritji Young, Freda Brady & Maringka Tunkin",Pitjantjatjara,"Anangu Pitjantjatjara Yankunytjatjara (APY) Lands, Central Australia, SA & NT",Painting,2018,National Gallery of Australia,National Gallery of Australia,National Gallery of Australia
"Whoumerr, frigate bird; dance mask",Dance mask,Ken Thaiday Snr,Meriam Mer,"Eastern Torres Strait Islands, QLD","Feather, fibre and other materials",1991,National Gallery of Australia,National Gallery of Australia,National Gallery of Australia
"Moocheth, the Ibis; Arough, the Emu; Golpondon, the Ibis's son",Sculpture,Thancoupie (Dr Gloria Fletcher AO),Thaynakwith / Dhaynakwith,"Cape York Peninsula, QLD",Ceramic,1988,National Gallery of Australia,National Gallery of Australia,National Gallery of Australia
Riji (Body paint),Jewellery,Aubrey Tigan,"Bardi, Djawi","Dampier Peninsula region, WA",Pearl shell,2010,National Gallery of Australia,National Gallery of Australia,National Gallery of Australia
Black Speed,Ceramic sculpture,Rona Panangka Rubuntja & Ray Mudjandi,"Western Arrarnta, Mirarr","Central Desert region, Western Arnhem Land, NT",Ceramic,2024,National Gallery of Australia,National Gallery of Australia,National Gallery of Australia
Mount Gillen,Watercolour painting,Cordula Ebatarinja,Western Arrernta,"Central Desert region, NT",Watercolour on paper,1955,National Gallery of Australia,National Gallery of Australia,National Gallery of Australia
passing from the edge of memory to the night sky,Painting,Judy Watson,Waanyi,"Gulf of Carpentaria region, QLD",Pigment and pastel on canvas,2007,QAGOMA Indigenous Australian Art,Queensland Art Gallery of Modern Art (QAGOMA),Queensland Art Gallery of Modern Art (QAGOMA)
grandmother's song,Painting,Judy Watson,Waanyi,"Gulf of Carpentaria region, QLD",Pigment and pastel on canvas,2007,QAGOMA Indigenous Australian Art,Queensland Art Gallery of Modern Art (QAGOMA),Queensland Art Gallery of Modern Art (QAGOMA)
our hair in your collections,Print,Judy Watson,Waanyi,"Gulf of Carpentaria region, QLD",Etching with chine collé on Hahnemühle paper,1997,QAGOMA Indigenous Australian Art,Queensland Art Gallery of Modern Art (QAGOMA),Queensland Art Gallery of Modern Art (QAGOMA)
the keepers,Video,Judy Watson & Alex Barnes,Waanyi,"Gulf of Carpentaria region, QLD",Single-channel HD video,2016,QAGOMA Indigenous Australian Art,Queensland Art Gallery of Modern Art (QAGOMA),Queensland Art Gallery of Modern Art (QAGOMA)
neither pride nor courage,Drawing,Vernon Ah Kee,"Kuku Yalanji, Waanyi, Yidinyji, Guugu Yimithirr","Far North Queensland region (FNQ), Gulf of Carpentaria region, Cairns region, FNQ region, QLD","Charcoal, crayon and synthetic polymer paint on canvas",2006,QAGOMA Indigenous Australian Art,Queensland Art Gallery of Modern Art (QAGOMA),Queensland Art Gallery of Modern Art (QAGOMA)
L.H.O.O.Q. ERE!,Print,Dianne Jones,Balardung Nyoongar,"South-west WA, WA",Inkjet print on canvas,2001,QAGOMA Indigenous Australian Art,Queensland Art Gallery of Modern Art (QAGOMA),Queensland Art Gallery of Modern Art (QAGOMA)
Information Transfer #3,Installation,Robert Andrew,Yawuru,"Kimberley region, WA","Aluminium, ochre, chalk, water and electro-mechanical device on acrylic panels",2015–18,QAGOMA Indigenous Australian Art,Queensland Art Gallery of Modern Art (QAGOMA),Queensland Art Gallery of Modern Art (QAGOMA)
Lububad,Drawing,Franklin Mye & Erub Erwer Meta Artists,Meriam Mir,"Torres Strait Islands, QLD",Charcoal on paper,2011,QAGOMA Indigenous Australian Art,Queensland Art Gallery of Modern Art (QAGOMA),Queensland Art Gallery of Modern Art (QAGOMA)
Basket,Fibre artwork,Charlotte Mye,Meriam Mir,"Eastern Torres Strait Islands, QLD",Check-woven polypropylene tape,2010,QAGOMA Indigenous Australian Art,Queensland Art Gallery of Modern Art (QAGOMA),Queensland Art Gallery of Modern Art (QAGOMA)
Basket,Fibre artwork,Jenny Mye,Meriam Mir,"Eastern Torres Strait Islands, QLD",Check-woven black and yellow polypropylene tape,2008,QAGOMA Indigenous Australian Art,Queensland Art Gallery of Modern Art (QAGOMA),Queensland Art Gallery of Modern Art (QAGOMA)
Basket,Fibre artwork,Jennifer Mye Jr,Meriam Mir,"Eastern Torres Strait Islands, QLD",Woven polypropylene tape,2011,QAGOMA Indigenous Australian Art,Queensland Art Gallery of Modern Art (QAGOMA),Queensland Art Gallery of Modern Art (QAGOMA)
Carving Country,Installation / printmaking,Brian Robinson & Tamika Grant-Iramu,"Maluyligal, Wuthathi, Dayak, and Zenadth Ke","Torres Strait Islands, QLD",Vinyl-cut on paper mounted on aluminium,2019–21,QAGOMA Indigenous Australian Art,Queensland Art Gallery of Modern Art (QAGOMA),Queensland Art Gallery of Modern Art (QAGOMA)
Djang'kawu Sisters,Painting,Wandjuk Marika,Rirratjingu Yol?u,"North-east Arnhem Land, NT",Earth pigments on bark,unknown,NGV First Nations Australia,National Gallery of Victoria (NGV),National Gallery of Victoria (NGV)
Gurtha,Bark painting,Barrupu Yunupingu,Gumatj Yol?u,"North-east Arnhem Land, NT",Earth pigments on stringybark,2012,NGV First Nations Australia,National Gallery of Victoria (NGV),National Gallery of Victoria (NGV)
Wandawuy,Bark painting,Nonggirrnga Marawili,Yol?u,"North-east Arnhem Land, NT",Earth pigments on stringybark,2012,NGV First Nations Australia,National Gallery of Victoria (NGV),National Gallery of Victoria (NGV)
All Mamballi country,Painting,Willie Gudabi,Alawa,"Big Rivers region, NT",Acrylic on canvas,1997,NGV First Nations Australia,National Gallery of Victoria (NGV),National Gallery of Victoria (NGV)
Tingarri Dreaming,Painting,Dini Campbell Tjampitjinpa,Pintupi,"Gibson Desert region and Great Sandy Desert regions, WA & NT",Synthetic polymer paint on canvas,1986,NGV First Nations Australia,National Gallery of Victoria (NGV),National Gallery of Victoria (NGV)
Uluru and Tarrawarra,Painting,Long Tom Tjapanangka,"Pintupi, Ngaatjatjarra","Gibson Desert region, Great Sandy Desert regions, Central Desert region of WA, WA & NT",Synthetic polymer paint on canvas,1994,NGV First Nations Australia,National Gallery of Victoria (NGV),National Gallery of Victoria (NGV)
Gulwirri (Cabbage palm),Bark painting,Mithinari Gurruwiwi,Galpu Yol?u,"North-east Arnhem Land, NT",Earth pigments on stringybark,1968,NGV First Nations Australia,National Gallery of Victoria (NGV),National Gallery of Victoria (NGV)
The wild plum tree at Djarrakpi,Bark painting,Narritjin Maymuru,Manggalili Yol?u,"North-east Arnhem Land, NT",Earth pigments on stringybark,c.1969,NGV First Nations Australia,National Gallery of Victoria (NGV),National Gallery of Victoria (NGV)
Wandawuy,Bark painting,Nonggirrnga Marawili,Madarrpa Yol?u,"North-east Arnhem Land, NT",Earth pigments on stringybark,2012,NGV First Nations Australia,National Gallery of Victoria (NGV),National Gallery of Victoria (NGV)
Gurtha,Bark painting,Barrupu Yunupingu,Gumatj Yol?u,"North-east Arnhem Land, NT",Earth pigments on stringybark,2012,NGV First Nations Australia,National Gallery of Victoria (NGV),National Gallery of Victoria (NGV)
Wyarra spirit,Sculpture,Lena Yarinkura,Rembarrnga,"Central Arnhem Land, NT","Paperbark, pandanus, feathers and glass",2005,NGV First Nations Australia,National Gallery of Victoria (NGV),National Gallery of Victoria (NGV)
Walyatjatjara,Painting,Sandy Brumby,Pitjantjatjara,"Anangu Pitjantjatjara Yankunytjatjara (APY) Lands, SA",Synthetic polymer paint on canvas,2010,NGV First Nations Australia,National Gallery of Victoria (NGV),National Gallery of Victoria (NGV)
Walka,Drawing,Makinti Minakutjur,Pitjantjatjara,"Anangu Pitjantjatjara Yankunytjatjara (APY) Lands, SA",Gouache on paper,c.1982,NGV First Nations Australia,National Gallery of Victoria (NGV),National Gallery of Victoria (NGV)
Mountain devil lizard Dreaming (after hailstorm),Painting,Kathleen Petyarr,"Alyawarr, Eastern Anmatyerr","Central Desert region, NT",Synthetic polymer paint on canvas,1997,NGV First Nations Australia,National Gallery of Victoria (NGV),National Gallery of Victoria (NGV)
History repeats,Painting / mixed media,Tony Albert,"Girramay, Yidinji, Kuku Yalanji","Far North Queensland region, QLD",Mixed media,2021,NGV First Nations Australia,National Gallery of Victoria (NGV),National Gallery of Victoria (NGV)
My Country,Painting,Sally Gabori,Kaiadilt,"Gulf of Carpentaria region, QLD",Synthetic polymer paint on canvas,2007,NGV First Nations Australia,National Gallery of Victoria (NGV),National Gallery of Victoria (NGV)
Sally and Kelly's Country,Painting,Birmuyingathi Maali Netta Loogatha,Kaiadilt,"Gulf of Carpentaria region, QLD",Synthetic polymer paint on canvas,2006,NGV First Nations Australia,National Gallery of Victoria (NGV),National Gallery of Victoria (NGV)
Ideas of Barak,Drawing,Vernon Ah Kee,"Kuku Yalanji, Waanyi, Yidinyji, Guugu Yimithirr","Far North Queensland region (FNQ), Gulf of Carpentaria region, Cairns region, FNQ region, QLD",Charcoal on paper,2011,NGV First Nations Australia,National Gallery of Victoria (NGV),National Gallery of Victoria (NGV)
Dulka Warngiid,Collaborative painting,"Birmuyingathi Maali Netta Loogatha, Mirdidingkingathi Juwarnda Sally Gabori, Warthadangathi Bijarrba Ethel Thomas, Thunduyingathi Bijarrb May Moodoonuthi, Kuruwarriyingathi Bijarrb Paula Paul, Wirrngajingathi Bijarrb Kurdalalngk Dawn Naranatjil, Rayarriwarrtharrbayingathi Mingungurra Amy Loogatha",Kaiadilt,"Gulf of Carpentaria region, QLD",Acrylic on canvas,2007,NGV First Nations Australia,National Gallery of Victoria (NGV),National Gallery of Victoria (NGV)
Neisosperma Kilneri – Ornate-Fruited Neisoperma,Contemporary print,Dylan Mooney,"Yuwi, Meriam Mir","Mackay and Central Queensland region, Eastern Torres Strait Islands, QLD",Print / mixed media,2022,NGV First Nations Australia,National Gallery of Victoria (NGV),National Gallery of Victoria (NGV)
Thung-ung Coorang (Kangaroo teeth necklace),Necklace / jewellery,Maree Clarke & Leonard Tregonning,"Mutti Mutti, Wamba Wamba, Yorta Yorta, Boonwurrung, Gunai Kurnai","Riverina region, Far West NSW region, Mallee region, Goulburn Valley region, Greater Melbourne region, Gippsland region, VIC",Kangaroo teeth and other materials,2013,NGV First Nations Australia,National Gallery of Victoria (NGV),National Gallery of Victoria (NGV)
Ancestral Memory II,Installation,Maree Clarke,"Mutti Mutti, Wamba Wamba, Yorta Yorta, Boonwurrung","Riverina region, Far West NSW region, Mallee region, Goulburn Valley region, Greater Melbourne region, Gippsland region, VIC",Mixed media,2019,NGV First Nations Australia,National Gallery of Victoria (NGV),National Gallery of Victoria (NGV)
Meerreng teen kuuyang gunditj,Artwork,Vicki Couzens,Kirrae Wurrong,"South-west Victoria region, VIC",Mixed media,2000,NGV First Nations Australia,National Gallery of Victoria (NGV),National Gallery of Victoria (NGV)
Poorrpa Kaweeyn,Artwork,Vicki Couzens,Kirrae Wurrong,"South-west Victoria region, VIC",Mixed media,2002,NGV First Nations Australia,National Gallery of Victoria (NGV),National Gallery of Victoria (NGV)
Narrbong (String bag),Fibre artwork,Lorraine Connelly-Northey,Waradgerie,"Central NSW region, VIC",Recycled metal / wire,2005,NGV First Nations Australia,National Gallery of Victoria (NGV),National Gallery of Victoria (NGV)
Possum-skin cloak: Blackfella road,Textile / cloak,Lorraine Connelly-Northey,Waradgerie,"Central NSW region, VIC","rusted iron and tin, fencing and barbed wire, wire",2011-2013,NGV First Nations Australia,National Gallery of Victoria (NGV),National Gallery of Victoria (NGV)
Spearing roo,Screenprint,Robert Campbell Junior,Ngaku,"Mid-North Coast NSW region, NSW",colour screenprint,1988,NGV First Nations Australia,National Gallery of Victoria (NGV),National Gallery of Victoria (NGV)
Dorrigo Falls,Painting,Robert Campbell Junior,Ngaku,"Mid-North Coast NSW region, NSW",synthetic polymer paint on canvas,1989,NGV First Nations Australia,National Gallery of Victoria (NGV),National Gallery of Victoria (NGV)
Patterns of the Wetlands,Artwork,Bronwyn Bancroft,Bundjalung,"Northern Rivers region, NSW",synthetic polymer paint and gouache,2005,NGV First Nations Australia,National Gallery of Victoria (NGV),National Gallery of Victoria (NGV)
Generations of generations,Artwork,Bronwyn Bancroft,Bundjalung,"Northern Rivers region, NSW",screenprinted cotton,1989,NGV First Nations Australia,National Gallery of Victoria (NGV),National Gallery of Victoria (NGV)
Blue poles,Installation / sculpture,Jonathan Jones,"Kamilaroi, Wiradjuri","North-west NSW region, Central NSW region, NSW","fluorescent lights, transparent synthetic polymer resin, composition board, electrical cord, plastic, steel, adhesive",2010,NGV First Nations Australia,National Gallery of Victoria (NGV),National Gallery of Victoria (NGV)
Broken heart,Photograph,Ricky Maynard,"Big River, Ben Lomond","Central Plateau, North-east Tasmania, TAS",Gelatin silver photograph,"2005, printed 2010",NGV First Nations Australia,National Gallery of Victoria (NGV),National Gallery of Victoria (NGV)
"Vansittart Island, Bass Strait, Tasmania",Photograph,Ricky Maynard,"Big River, Ben Lomond","Central Plateau, North-east Tasmania, TAS",Gelatin silver photograph,"2005, printed 2010",NGV First Nations Australia,National Gallery of Victoria (NGV),National Gallery of Victoria (NGV)
"The healing garden, Wybalenna, Flinders Island, Tasmania",Photograph,Ricky Maynard,"Big River, Ben Lomond","Central Plateau, North-east Tasmania, TAS",Gelatin silver photograph,"2005, printed 2011",NGV First Nations Australia,National Gallery of Victoria (NGV),National Gallery of Victoria (NGV)
White dog,Screenprint,Karen Casey,Palawa,"Tasmania, TAS",screenprint,1989,NGV First Nations Australia,National Gallery of Victoria (NGV),National Gallery of Victoria (NGV)
Eternal vigil,Linocut print,Karen Casey,Palawa,"Tasmania, TAS","colour linocut, monoprint",1988,NGV First Nations Australia,National Gallery of Victoria (NGV),National Gallery of Victoria (NGV)
Seven Sisters Song,Painting,Kaylene Whiskey,Yankunytjatjara,"Anangu Pitjantjatjara Yankunytjatjara (APY) Lands, SA",enamel paint on road sign,2021,NGA Aboriginal & Torres Strait Islander Art,National Gallery of Australia,National Gallery of Australia
Australia in Colour,Painting,Vincent Namatjira,Western Arrarnta,"Central Desert region, SA",synthetic polymer paint on linen,2021,NGA Aboriginal & Torres Strait Islander Art,National Gallery of Australia,National Gallery of Australia
Seven Sisters,Painting,Wingu Tingima,Pitjantjatjara,"Anangu Pitjantjatjara Yankunytjatjara (APY) Lands, SA",synthetic polymer paint on canvas,2004,NGA Aboriginal & Torres Strait Islander Art,National Gallery of Australia,National Gallery of Australia
Burdiflawa,Short Film,Naina Sen & Gwenneth Blitner,"Marra, Nunggubuyu","South-east Arnhem Land, Gulf of Carpentaria region, NT",short film,2019,Ngukurr Story Project,"Northern Territory Travelling Film Festival, Ngukurr Story Project","Ngukurr Story Project, Northern Territory Travelling Film Festival"
Yol?u Man Walking,Short Film,Daniel Wilfred,Yol?u,"North-east Arnhem Land, NT",short film,2018,Ngukurr Story Project,Indigenous Community Television (ICTV),"Ngukurr Story Project, Indigenous Community Television (ICTV)"
Lil Bois,Short Film,Grant Thompson,Ngandi,"South-east Arnhem Land, NT",short film,2018,Ngukurr Story Project,NITV/SBS on demand,"Ngukurr Story Project, Indigenous.gov.au"
I am Numamurdirdi,Short Film,Walter Kolbong Rogers,Numamurdirdi,"Roper River region, NT",short film,2018,Ngukurr Story Project,Ngukurr Story Project (online),Ngukurr Story Project
Stringybark,Short Film,Martiza Roberts,"Ngalakgan, Alawa, Mangarrayi, Ngandi, Marra, Warndarrang, Nunggubuyu, Ritharrngu-Wägilak, and Rembarrnga, collectivley known as Yugul Mangi","South-east Arnhem Land, NT",short film,2019,Ngukurr Story Project,Ngukurr Story Project (online),Ngukurr Story Project
Mimosa,Short Film,Martiza Roberts,"Ngalakgan, Alawa, Mangarrayi, Ngandi, Marra, Warndarrang, Nunggubuyu, Ritharrngu-Wägilak, and Rembarrnga, collectivley known as Yugul Mangi, Numburindi","South-east Arnhem Land, NT",short film,2019,Ngukurr Story Project,Ngukurr Story Project (online),Ngukurr Story Project
Brush with the Lore,Painting,Trevor Nickolls,Ngarrindjeri,"Lower Murray River, Lower laks and Coorong region, SA",synthetic polymer paint on linen,2010,Art Gallery of South Australia (AGSA): Australian paintings - Aboriginal and Torres Strait Islander,Art Gallery of South Australia (AGSA),Art Gallery of South Australia (AGSA)
Along the Ornmiston Gorge's Creek,Painting,Noreen Hudson,Western Aranda,"Central Desert region, NT",watercolour on paper,2017,Art Gallery of South Australia (AGSA): Australian paintings - Aboriginal and Torres Strait Islander,Art Gallery of South Australia (AGSA),Art Gallery of South Australia (AGSA)
All the Jila,Painting,Jan Billycan,Yulparija,"Great Sandy Desert, WA",synthetic polymer paint on canvas,2004,Art Gallery of South Australia (AGSA): Australian paintings - Aboriginal and Torres Strait Islander,Art Gallery of South Australia (AGSA),Art Gallery of South Australia (AGSA)
A Macdonnell Range Decoration,Painting,Linsday Imbarndarinja,Eastern Arrernta,"Central Desert region, NT",watercolour on paper,c.1950s,Art Gallery of South Australia (AGSA): Australian paintings - Aboriginal and Torres Strait Islander,Art Gallery of South Australia (AGSA),Art Gallery of South Australia (AGSA)
"Animals, Bradshaw Figures",Bark painting,Lily Karadada,Wunambal,"Kimberley region, WA",earth pigment on eucalyptus bark,1935,Art Gallery of South Australia (AGSA): Australian paintings - Aboriginal and Torres Strait Islander,Art Gallery of South Australia (AGSA),Art Gallery of South Australia (AGSA)
Anangu waltjapiti ngura waltjangka nyinantja,Painting,Makinti Minutjukur,Pitjantjatjara,"Anangu Pitjantjatjara Yankunytjatjara (APY) Lands, SA",synthetic polymer paint on canvas,1988,Art Gallery of South Australia (AGSA): Australian paintings - Aboriginal and Torres Strait Islander,Art Gallery of South Australia (AGSA),Art Gallery of South Australia (AGSA)
Blue Truck,Etching,Kunmanara (Sadie) Singer,Yankunytjatjara,"Anangu Pitjantjatjara Yankunytjatjara (APY) Lands, SA","etching, aquatint printed in blue inks on paper",2007,Art Gallery of South Australia (AGSA): Australian paintings - Aboriginal and Torres Strait Islander,Art Gallery of South Australia (AGSA),Art Gallery of South Australia (AGSA)
Cave Hill,Photograph,Angkaliya Eadie Curtis,Pitjantjatjara,"Anangu Pitjantjatjara Yankunytjatjara (APY) Lands, SA",pigment printed on paper,2016,Art Gallery of South Australia (AGSA): Australian paintings - Aboriginal and Torres Strait Islander,Art Gallery of South Australia (AGSA),Art Gallery of South Australia (AGSA)
Boddington =BT,Painting,Kunmanara (Pungkai) Bertani,Balladong Noongar,"Wheatbelt region and Avon Valley, WA",synthetic polymer paint on canvas,2009,Art Gallery of South Australia (AGSA): Australian paintings - Aboriginal and Torres Strait Islander,Art Gallery of South Australia (AGSA),Art Gallery of South Australia (AGSA)
Finding frogs in the night to put on the cross line to catch a Ponde or Pilarkie over night,Painting,Ian W. Abdulla,Ngarrindjeri,"Lower Murray River, Lower laks and Coorong region, SA",synthetic polymer paint on canvas,1990,Art Gallery of South Australia (AGSA): Australian paintings - Aboriginal and Torres Strait Islander,Art Gallery of South Australia (AGSA),Art Gallery of South Australia (AGSA)
Kimpiri Punu (Lightning tree),Sculpture,Kunmanara (Nyurpaya) Kaika Burton,Pitjantjatjara,"Anangu Pitjantjatjara Yankunytjatjara (APY) Lands, SA","Tjanpi, chicken wire, second hand clothing (used as stuffing), raffia, acrylic wool, wipia",2011,Art Gallery of South Australia (AGSA): Australian paintings - Aboriginal and Torres Strait Islander,Art Gallery of South Australia (AGSA),Art Gallery of South Australia (AGSA)
Yurndu (Sun),Sculpture,Juanella McKenzie,"Adnymathanha, Luritja","Flinders Ranges, Central Desert, SA & NT",Emu feathers,2020,Art Gallery of South Australia (AGSA): Australian paintings - Aboriginal and Torres Strait Islander,Art Gallery of South Australia (AGSA),Art Gallery of South Australia (AGSA)
Tracks of the Unseen,Video with sound,Jay Milera,"Narungga, Kaurna","Yorke Peninsula, Adelaide Plains, SA",video,2024,Art Gallery of South Australia (AGSA): Australian paintings - Aboriginal and Torres Strait Islander,Art Gallery of South Australia (AGSA),Art Gallery of South Australia (AGSA)
Thunder Rain Poisoining,Sculpture,Yhonnie Scarce,"Kokatha, Nukunu","Central South Australia, South Flinders Ranges and Eastern Spencer Gulf, SA","blown glass, metal, string",2015,National Gallery of Australia,Art Gallery of South Australia (AGSA),Art Gallery of South Australia (AGSA)
pinampi madjam guruwa dja (Remember the flying fox in the gum tree),Sculpture,Virginia Keft Muruwari,Muruwari,"Mulga Lands, QLD & NSW","fibre, wood and wire",2025,2025 Telstra National Aboriginal and Torres Strait Islander Art Awards (NATSIAA),Museum and Art Gallery of the Northern Territory (MAGNT),Museum and Art Gallery of the Northern Territory (MAGNT)
Atila,Stoneware,Derek Jungarrayi Thompson,Pitjantjatjara,"Anangu Pitjantjatjara Yankunytjatjara (APY) Lands, SA",stoneware and underglaze,2025,2026 Telstra National Aboriginal and Torres Strait Islander Art Awards (NATSIAA),Museum and Art Gallery of the Northern Territory (MAGNT),Museum and Art Gallery of the Northern Territory (MAGNT)
Mat,Mat,Sonia Gurrpulan Guyula,Djambarrpuyngu,"North-east Arnhem Land, NT",pandus and bush dyes,2025,2027 Telstra National Aboriginal and Torres Strait Islander Art Awards (NATSIAA),Museum and Art Gallery of the Northern Territory (MAGNT),Museum and Art Gallery of the Northern Territory (MAGNT)
Black Mist,Ceramic,Josina Nyarpingku Pumani,Pitjantjatjara,"Anangu Pitjantjatjara Yankunytjatjara (APY) Lands, NT","ceramic, underglaze",2024,2028 Telstra National Aboriginal and Torres Strait Islander Art Awards (NATSIAA),Museum and Art Gallery of the Northern Territory (MAGNT),Museum and Art Gallery of the Northern Territory (MAGNT)
Present & Beyond,Photograph,Naomi Hobson,"Kaantju, Umpila","Cape York Peninsula, QLD",pigment print on cotton rag paper,2024,2029 Telstra National Aboriginal and Torres Strait Islander Art Awards (NATSIAA),Museum and Art Gallery of the Northern Territory (MAGNT),Museum and Art Gallery of the Northern Territory (MAGNT)
Manbiri (Sea turtle),Sculpture,Adrienne Watson,Kunwinjku,"Western Arnhem Land, NT",gunga (Pandanus spiralis) and bush cane (Flagellaria indica) with natural dyes,2024,2030 Telstra National Aboriginal and Torres Strait Islander Art Awards (NATSIAA),Museum and Art Gallery of the Northern Territory (MAGNT),Museum and Art Gallery of the Northern Territory (MAGNT)
Our Country,Painting,"Freda Brady, Maringka Tunkin, Sandra Ken, Tanya Brady, Tjungkara Ken, Yaritji Young",Pitjantjatjara,"Anangu Pitjantjatjara Yankunytjatjara (APY) Lands, SA",synthetic polymer paint on linen,2024,2031 Telstra National Aboriginal and Torres Strait Islander Art Awards (NATSIAA),Museum and Art Gallery of the Northern Territory (MAGNT),Museum and Art Gallery of the Northern Territory (MAGNT)
"Burwu, blossom",Etching,Gaypalani Wa?ambi,Yol?u,"North-east Arnhem Land, NT","etched steel panels, aerosol paint",2025,2032 Telstra National Aboriginal and Torres Strait Islander Art Awards (NATSIAA),Museum and Art Gallery of the Northern Territory (MAGNT),Museum and Art Gallery of the Northern Territory (MAGNT)
Namiliri Billabong,Mat,Charmaine Ashley,Wagilak,"South-east Arnhem Land, NT",pandanus and bush dyes,2025,2033 Telstra National Aboriginal and Torres Strait Islander Art Awards (NATSIAA),Museum and Art Gallery of the Northern Territory (MAGNT),Museum and Art Gallery of the Northern Territory (MAGNT)
Tharnandi Marni (Ocean Patterns),Painting,Allergy Sandy,Yindjibarndi,"Pilbra, WA",synthetic polymer paint and Pilbara earth on canvas,2025,2034 Telstra National Aboriginal and Torres Strait Islander Art Awards (NATSIAA),Museum and Art Gallery of the Northern Territory (MAGNT),Museum and Art Gallery of the Northern Territory (MAGNT)
MALUW BAYWAL (Water Spouts – Sea Spirits),Sculpture,Alick Tipoti,Kala Lagaw Ya,"Western and Central Torres Straight Islands, Cape York, Northern Peninsula Area, QLD","fibreglass, resin, wood, rope, feathers, shell, paint and raffia",2025,2035 Telstra National Aboriginal and Torres Strait Islander Art Awards (NATSIAA),Museum and Art Gallery of the Northern Territory (MAGNT),Museum and Art Gallery of the Northern Territory (MAGNT)
Mina Mina Jukurrpa,Painting,Jeanie Napangardi Lewis,Warlpiri,"Tanami Desert, NT",synthetic polymer paint on linen,2025,2036 Telstra National Aboriginal and Torres Strait Islander Art Awards (NATSIAA),Museum and Art Gallery of the Northern Territory (MAGNT),Museum and Art Gallery of the Northern Territory (MAGNT)
Waringarri Songline and the Luurnpa (Kingfisher),Drawing,Jimmy Tjapangarti Tchooga,"Warlpiri, Ngarti","Tanami Desert, Great Sandy Desert, NT & WA",oil and dry pastel on paper,2025,2037 Telstra National Aboriginal and Torres Strait Islander Art Awards (NATSIAA),Museum and Art Gallery of the Northern Territory (MAGNT),Museum and Art Gallery of the Northern Territory (MAGNT)
Nyitting Wanneroo,Artwork / Painting,Courtney Hill,Noongar,"Wanneroo / Perth metropolitan region, WA — Whadjuk Country, WA",Acrylic on canvas,2021,City of Wanneroo Art Collection,"City of Wanneroo Civic Centre, main foyer, Wanneroo",Collections WA / City of Wanneroo
